test_id,result
0,0
1,0
2,1
3,1
4,0
5,1
6,1
7,0
8,0
9,1
10,1
11,0
12,1
13,0
14,1
15,0
16,0
17,1
18,0
19,0
20,0
21,1
22,0
23,0
24,1
25,1
26,0
27,0
28,1
29,1
30,1
31,0
32,0
33,1
34,0
35,1
36,0
37,1
38,0
39,0
40,0
41,1
42,1
43,0
44,0
45,1
46,1
47,1
48,1
49,0
50,1
51,0
52,1
53,0
54,1
55,0
56,1
57,0
58,0
59,0
60,1
61,0
62,0
63,0
64,0
65,0
66,0
67,1
68,0
69,0
70,1
71,1
72,1
73,1
74,0
75,0
76,1
77,1
78,0
79,1
80,0
81,0
82,1
83,0
84,0
85,0
86,0
87,1
88,1
89,0
90,0
91,1
92,0
93,1
94,0
95,1
96,1
97,0
98,0
99,1
100,0
101,1
102,1
103,0
104,0
105,0
106,1
107,0
108,1
109,1
110,0
111,1
112,1
113,1
114,1
115,0
116,1
117,1
118,0
119,1
120,0
121,0
122,0
123,1
124,0
125,1
126,0
127,1
128,1
129,1
130,1
131,0
132,0
133,0
134,1
135,0
136,1
137,1
138,1
139,0
140,1
141,1
142,0
143,1
144,1
145,1
146,0
147,0
148,0
149,0
150,0
151,0
152,0
153,1
154,0
155,1
156,0
157,1
158,1
159,0
160,1
161,0
162,1
163,0
164,1
165,1
166,1
167,0
168,0
169,0
170,0
171,1
172,0
173,1
174,0
175,0
176,0
177,0
178,0
179,1
180,1
181,0
182,0
183,1
184,0
185,1
186,0
187,0
188,0
189,0
190,0
191,0
192,0
193,1
194,0
195,0
196,0
197,0
198,1
199,0
200,1
201,1
202,1
203,0
204,1
205,1
206,0
207,1
208,0
209,0
210,1
211,1
212,1
213,0
214,1
215,0
216,0
217,1
218,1
219,0
220,0
221,0
222,0
223,0
224,0
225,0
226,1
227,1
228,1
229,0
230,0
231,1
232,1
233,0
234,0
235,1
236,0
237,1
238,1
239,1
240,0
241,0
242,0
243,1
244,1
245,1
246,1
247,0
248,0
249,0
250,1
251,0
252,1
253,1
254,1
255,0
256,0
257,1
258,0
259,1
260,1
261,1
262,1
263,0
264,0
265,0
266,1
267,1
268,0
269,1
270,0
271,0
272,1
273,1
274,0
275,0
276,0
277,1
278,1
279,1
280,0
281,0
282,1
283,1
284,0
285,0
286,0
287,0
288,0
289,1
290,0
291,0
292,1
293,0
294,1
295,0
296,1
297,0
298,0
299,0
300,1
301,0
302,1
303,1
304,1
305,0
306,0
307,1
308,1
309,0
310,0
311,0
312,1
313,1
314,0
315,1
316,1
317,1
318,0
319,0
320,1
321,1
322,0
323,1
324,1
325,1
326,0
327,1
328,0
329,1
330,1
331,1
332,0
333,0
334,0
335,0
336,1
337,0
338,0
339,0
340,0
341,0
342,0
343,1
344,0
345,1
346,1
347,1
348,0
349,1
350,0
351,1
352,0
353,0
354,0
355,0
356,0
357,1
358,0
359,1
360,0
361,0
362,0
363,0
364,0
365,0
366,0
367,1
368,1
369,1
370,0
371,1
372,0
373,0
374,0
375,0
376,0
377,1
378,0
379,0
380,0
381,1
382,0
383,0
384,0
385,0
386,1
387,0
388,1
389,1
390,0
391,0
392,0
393,0
394,1
395,1
396,0
397,0
398,0
399,0
400,0
401,0
402,0
403,1
404,0
405,0
406,1
407,0
408,0
409,0
410,1
411,0
412,1
413,0
414,1
415,1
416,0
417,0
418,0
419,1
420,0
421,0
422,1
423,1
424,1
425,0
426,0
427,1
428,0
429,0
430,0
431,1
432,0
433,1
434,0
435,0
436,0
437,0
438,0
439,0
440,1
441,0
442,1
443,1
444,0
445,1
446,1
447,1
448,1
449,1
450,1
451,1
452,0
453,1
454,1
455,1
456,0
457,0
458,1
459,1
460,1
461,1
462,1
463,1
464,1
465,0
466,0
467,1
468,0
469,1
470,1
471,0
472,0
473,1
474,0
475,1
476,0
477,1
478,0
479,1
480,1
481,1
482,0
483,1
484,0
485,1
486,1
487,1
488,0
489,0
490,0
491,1
492,0
493,1
494,0
495,0
496,0
497,0
498,1
499,1
500,0
501,0
502,0
503,1
504,0
505,1
506,1
507,0
508,1
509,1
510,1
511,1
512,1
513,1
514,0
515,1
516,1
517,0
518,0
519,1
520,0
521,0
522,1
523,0
524,1
525,1
526,1
527,1
528,0
529,1
530,0
531,0
532,0
533,0
534,0
535,0
536,0
537,0
538,0
539,0
540,0
541,1
542,1
543,0
544,1
545,1
546,1
547,1
548,1
549,0
550,0
551,0
552,1
553,1
554,1
555,1
556,0
557,0
558,1
559,1
560,0
561,1
562,0
563,1
564,0
565,1
566,0
567,1
568,0
569,0
570,0
571,1
572,0
573,1
574,0
575,0
576,0
577,0
578,0
579,0
580,0
581,1
582,0
583,1
584,0
585,0
586,0
587,1
588,1
589,0
590,0
591,0
592,1
593,1
594,0
595,1
596,1
597,0
598,0
599,0
600,0
601,1
602,0
603,1
604,1
605,0
606,0
607,1
608,1
609,1
610,0
611,0
612,1
613,0
614,1
615,0
616,1
617,0
618,0
619,0
620,0
621,1
622,0
623,0
624,1
625,1
626,0
627,0
628,1
629,0
630,1
631,0
632,0
633,0
634,1
635,1
636,0
637,1
638,1
639,1
640,1
641,0
642,1
643,1
644,0
645,1
646,0
647,1
648,0
649,0
650,0
651,1
652,0
653,0
654,1
655,1
656,0
657,1
658,1
659,1
660,0
661,0
662,1
663,0
664,1
665,0
666,1
667,0
668,1
669,0
670,0
671,0
672,1
673,0
674,1
675,0
676,1
677,0
678,1
679,1
680,0
681,1
682,0
683,0
684,0
685,1
686,1
687,1
688,1
689,1
690,0
691,1
692,0
693,1
694,0
695,1
696,1
697,1
698,0
699,1
700,0
701,1
702,1
703,0
704,1
705,0
706,0
707,1
708,1
709,0
710,1
711,0
712,0
713,0
714,0
715,0
716,1
717,0
718,1
719,0
720,0
721,0
722,1
723,1
724,0
725,1
726,1
727,0
728,0
729,0
730,1
731,0
732,0
733,0
734,0
735,1
736,0
737,0
738,1
739,0
740,1
741,0
742,0
743,1
744,0
745,0
746,1
747,0
748,1
749,0
750,1
751,0
752,0
753,0
754,1
755,0
756,0
757,1
758,0
759,0
760,1
761,0
762,0
763,0
764,0
765,0
766,0
767,1
768,0
769,0
770,1
771,1
772,0
773,1
774,1
775,1
776,1
777,1
778,1
779,1
780,0
781,0
782,1
783,1
784,0
785,1
786,0
787,0
788,0
789,1
790,0
791,0
792,1
793,1
794,0
795,1
796,0
797,1
798,0
799,0
800,1
801,1
802,0
803,1
804,0
805,1
806,0
807,0
808,1
809,1
810,1
811,0
812,1
813,1
814,0
815,1
816,1
817,0
818,0
819,0
820,0
821,0
822,0
823,1
824,0
825,1
826,0
827,1
828,1
829,1
830,1
831,1
832,0
833,1
834,0
835,0
836,0
837,0
838,0
839,0
840,0
841,0
842,1
843,1
844,1
845,1
846,0
847,0
848,0
849,1
850,0
851,0
852,0
853,1
854,0
855,0
856,0
857,0
858,0
859,0
860,1
861,0
862,1
863,0
864,0
865,0
866,0
867,1
868,1
869,1
870,0
871,0
872,1
873,1
874,1
875,1
876,1
877,1
878,0
879,0
880,0
881,0
882,0
883,0
884,1
885,0
886,1
887,1
888,1
889,0
890,1
891,0
892,1
893,1
894,1
895,1
896,0
897,1
898,1
899,0
900,0
901,0
902,0
903,0
904,1
905,0
906,1
907,0
908,0
909,1
910,1
911,0
912,1
913,0
914,1
915,0
916,1
917,1
918,1
919,0
920,1
921,0
922,0
923,0
924,1
925,0
926,1
927,0
928,0
929,1
930,1
931,1
932,0
933,0
934,1
935,0
936,1
937,1
938,1
939,0
940,0
941,0
942,0
943,0
944,1
945,1
946,0
947,1
948,0
949,1
950,0
951,1
952,0
953,1
954,0
955,0
956,1
957,0
958,0
959,1
960,0
961,1
962,1
963,1
964,0
965,0
966,1
967,1
968,1
969,0
970,1
971,0
972,0
973,0
974,0
975,1
976,1
977,0
978,1
979,0
980,0
981,0
982,1
983,0
984,1
985,1
986,0
987,0
988,0
989,0
990,0
991,1
992,1
993,0
994,0
995,0
996,0
997,1
998,0
999,1
1000,1
1001,0
1002,1
1003,1
1004,1
1005,1
1006,1
1007,1
1008,0
1009,1
1010,0
1011,1
1012,0
1013,0
1014,1
1015,0
1016,0
1017,0
1018,0
1019,0
1020,0
1021,1
1022,1
1023,0
1024,0
1025,0
1026,0
1027,0
1028,1
1029,0
1030,0
1031,1
1032,0
1033,1
1034,1
1035,0
1036,0
1037,1
1038,1
1039,0
1040,1
1041,0
1042,1
1043,0
1044,0
1045,0
1046,0
1047,1
1048,0
1049,0
1050,1
1051,1
1052,0
1053,1
1054,1
1055,0
1056,0
1057,1
1058,1
1059,0
1060,0
1061,1
1062,1
1063,1
1064,0
1065,1
1066,1
1067,0
1068,1
1069,1
1070,0
1071,1
1072,1
1073,1
1074,1
1075,1
1076,0
1077,0
1078,0
1079,1
1080,0
1081,0
1082,1
1083,0
1084,1
1085,0
1086,0
1087,0
1088,1
1089,1
1090,0
1091,0
1092,1
1093,1
1094,1
1095,1
1096,0
1097,0
1098,0
1099,0
1100,0
1101,0
1102,0
1103,1
1104,1
1105,1
1106,1
1107,1
1108,0
1109,1
1110,0
1111,0
1112,0
1113,0
1114,1
1115,0
1116,1
1117,0
1118,0
1119,0
1120,0
1121,0
1122,0
1123,1
1124,0
1125,1
1126,0
1127,0
1128,0
1129,0
1130,0
1131,1
1132,1
1133,0
1134,0
1135,0
1136,0
1137,0
1138,1
1139,1
1140,1
1141,0
1142,0
1143,0
1144,0
1145,1
1146,0
1147,0
1148,0
1149,0
1150,0
1151,1
1152,0
1153,1
1154,0
1155,0
1156,1
1157,1
1158,0
1159,0
1160,0
1161,1
1162,1
1163,0
1164,1
1165,0
1166,0
1167,0
1168,1
1169,1
1170,1
1171,0
1172,0
1173,0
1174,0
1175,1
1176,1
1177,0
1178,0
1179,1
1180,0
1181,0
1182,0
1183,0
1184,0
1185,1
1186,1
1187,0
1188,1
1189,1
1190,1
1191,1
1192,1
1193,0
1194,1
1195,0
1196,1
1197,0
1198,1
1199,0
1200,0
1201,0
1202,1
1203,0
1204,0
1205,0
1206,1
1207,0
1208,1
1209,0
1210,1
1211,0
1212,0
1213,0
1214,1
1215,0
1216,0
1217,1
1218,1
1219,1
1220,0
1221,1
1222,1
1223,1
1224,1
1225,1
1226,1
1227,1
1228,1
1229,1
1230,0
1231,1
1232,0
1233,1
1234,0
1235,0
1236,1
1237,0
1238,0
1239,1
1240,0
1241,0
1242,1
1243,0
1244,1
1245,1
1246,1
1247,0
1248,1
1249,1
1250,1
1251,1
1252,0
1253,0
1254,0
1255,0
1256,1
1257,0
1258,0
1259,0
1260,0
1261,0
1262,0
1263,1
1264,0
1265,1
1266,1
1267,1
1268,1
1269,1
1270,1
1271,0
1272,1
1273,0
1274,0
1275,0
1276,0
1277,0
1278,1
1279,0
1280,0
1281,1
1282,0
1283,1
1284,0
1285,0
1286,1
1287,0
1288,0
1289,1
1290,0
1291,1
1292,1
1293,1
1294,0
1295,1
1296,1
1297,0
1298,1
1299,0
1300,1
1301,0
1302,1
1303,0
1304,0
1305,0
1306,1
1307,0
1308,0
1309,0
1310,1
1311,1
1312,0
1313,0
1314,0
1315,1
1316,0
1317,0
1318,0
1319,1
1320,0
1321,0
1322,0
1323,0
1324,0
1325,1
1326,1
1327,0
1328,0
1329,1
1330,0
1331,1
1332,0
1333,0
1334,1
1335,1
1336,0
1337,1
1338,1
1339,1
1340,0
1341,0
1342,1
1343,0
1344,0
1345,1
1346,0
1347,0
1348,1
1349,1
1350,1
1351,1
1352,1
1353,1
1354,1
1355,0
1356,1
1357,0
1358,0
1359,1
1360,1
1361,1
1362,1
1363,1
1364,0
1365,0
1366,0
1367,0
1368,1
1369,0
1370,0
1371,1
1372,0
1373,1
1374,1
1375,1
1376,0
1377,0
1378,0
1379,0
1380,1
1381,0
1382,0
1383,1
1384,1
1385,0
1386,1
1387,0
1388,0
1389,0
1390,0
1391,0
1392,0
1393,1
1394,1
1395,0
1396,1
1397,0
1398,1
1399,1
1400,1
1401,0
1402,0
1403,1
1404,1
1405,0
1406,0
1407,1
1408,1
1409,1
1410,1
1411,0
1412,0
1413,0
1414,0
1415,1
1416,1
1417,0
1418,0
1419,1
1420,0
1421,1
1422,1
1423,0
1424,1
1425,1
1426,1
1427,1
1428,1
1429,1
1430,1
1431,0
1432,1
1433,0
1434,0
1435,0
1436,1
1437,1
1438,0
1439,1
1440,1
1441,0
1442,1
1443,0
1444,0
1445,0
1446,1
1447,1
1448,0
1449,1
1450,1
1451,1
1452,0
1453,0
1454,0
1455,0
1456,1
1457,0
1458,0
1459,1
1460,1
1461,1
1462,1
1463,0
1464,1
1465,1
1466,0
1467,0
1468,1
1469,1
1470,1
1471,0
1472,0
1473,0
1474,0
1475,1
1476,1
1477,0
1478,1
1479,0
1480,1
1481,1
1482,1
1483,1
1484,1
1485,0
1486,0
1487,0
1488,1
1489,1
1490,1
1491,1
1492,0
1493,1
1494,0
1495,1
1496,0
1497,0
1498,1
1499,0
1500,1
1501,1
1502,1
1503,1
1504,1
1505,0
1506,1
1507,0
1508,1
1509,1
1510,1
1511,1
1512,1
1513,0
1514,1
1515,1
1516,1
1517,1
1518,1
1519,1
1520,0
1521,0
1522,0
1523,1
1524,1
1525,1
1526,1
1527,0
1528,0
1529,1
1530,1
1531,1
1532,0
1533,0
1534,1
1535,1
1536,1
1537,0
1538,1
1539,0
1540,1
1541,1
1542,1
1543,0
1544,0
1545,1
1546,1
1547,1
1548,0
1549,0
1550,1
1551,0
1552,0
1553,0
1554,1
1555,0
1556,0
1557,0
1558,0
1559,0
1560,0
1561,1
1562,0
1563,1
1564,0
1565,1
1566,1
1567,0
1568,0
1569,1
1570,1
1571,0
1572,0
1573,0
1574,1
1575,1
1576,1
1577,1
1578,0
1579,0
1580,0
1581,0
1582,0
1583,1
1584,1
1585,1
1586,1
1587,1
1588,0
1589,0
1590,1
1591,0
1592,0
1593,1
1594,1
1595,0
1596,1
1597,0
1598,1
1599,0
1600,0
1601,0
1602,0
1603,1
1604,0
1605,1
1606,0
1607,0
1608,0
1609,0
1610,1
1611,0
1612,1
1613,1
1614,0
1615,0
1616,1
1617,0
1618,0
1619,0
1620,1
1621,0
1622,0
1623,1
1624,0
1625,0
1626,0
1627,0
1628,0
1629,1
1630,0
1631,0
1632,1
1633,0
1634,0
1635,0
1636,0
1637,1
1638,1
1639,0
1640,0
1641,0
1642,1
1643,0
1644,0
1645,1
1646,0
1647,0
1648,1
1649,1
1650,1
1651,1
1652,1
1653,1
1654,1
1655,0
1656,0
1657,0
1658,0
1659,1
1660,0
1661,0
1662,0
1663,1
1664,0
1665,0
1666,0
1667,0
1668,1
1669,0
1670,0
1671,1
1672,0
1673,0
1674,0
1675,0
1676,0
1677,0
1678,1
1679,0
1680,0
1681,0
1682,1
1683,0
1684,0
1685,0
1686,0
1687,1
1688,1
1689,1
1690,0
1691,0
1692,1
1693,0
1694,1
1695,1
1696,1
1697,1
1698,0
1699,0
1700,0
1701,0
1702,1
1703,1
1704,0
1705,1
1706,1
1707,1
1708,0
1709,0
1710,1
1711,0
1712,1
1713,0
1714,1
1715,0
1716,0
1717,0
1718,0
1719,1
1720,0
1721,0
1722,0
1723,0
1724,1
1725,1
1726,0
1727,0
1728,0
1729,1
1730,0
1731,1
1732,1
1733,0
1734,0
1735,0
1736,0
1737,0
1738,0
1739,0
1740,0
1741,1
1742,0
1743,0
1744,1
1745,0
1746,0
1747,1
1748,0
1749,0
1750,0
1751,1
1752,0
1753,1
1754,0
1755,1
1756,1
1757,1
1758,0
1759,0
1760,0
1761,1
1762,1
1763,1
1764,1
1765,1
1766,0
1767,1
1768,1
1769,1
1770,0
1771,0
1772,1
1773,0
1774,1
1775,0
1776,0
1777,1
1778,1
1779,1
1780,1
1781,1
1782,1
1783,0
1784,0
1785,0
1786,0
1787,1
1788,1
1789,1
1790,1
1791,0
1792,1
1793,1
1794,1
1795,1
1796,0
1797,1
1798,0
1799,0
1800,1
1801,0
1802,0
1803,1
1804,0
1805,1
1806,1
1807,0
1808,0
1809,1
1810,0
1811,0
1812,1
1813,1
1814,1
1815,0
1816,1
1817,0
1818,1
1819,0
1820,1
1821,1
1822,1
1823,1
1824,0
1825,0
1826,0
1827,1
1828,1
1829,1
1830,0
1831,1
1832,0
1833,1
1834,0
1835,1
1836,1
1837,0
1838,0
1839,1
1840,0
1841,0
1842,0
1843,1
1844,0
1845,0
1846,0
1847,0
1848,1
1849,0
1850,0
1851,1
1852,1
1853,1
1854,0
1855,1
1856,0
1857,1
1858,1
1859,1
1860,1
1861,0
1862,0
1863,0
1864,0
1865,0
1866,0
1867,1
1868,0
1869,0
1870,1
1871,1
1872,1
1873,1
1874,1
1875,0
1876,0
1877,1
1878,0
1879,1
1880,0
1881,0
1882,1
1883,1
1884,1
1885,0
1886,1
1887,1
1888,0
1889,0
1890,1
1891,0
1892,1
1893,0
1894,1
1895,0
1896,1
1897,1
1898,1
1899,1
1900,1
1901,0
1902,0
1903,1
1904,1
1905,0
1906,0
1907,0
1908,0
1909,1
1910,1
1911,0
1912,1
1913,0
1914,0
1915,0
1916,0
1917,0
1918,1
1919,0
1920,0
1921,0
1922,0
1923,1
1924,0
1925,1
1926,1
1927,1
1928,0
1929,1
1930,1
1931,1
1932,0
1933,1
1934,0
1935,1
1936,1
1937,0
1938,0
1939,0
1940,0
1941,0
1942,0
1943,1
1944,1
1945,1
1946,0
1947,1
1948,1
1949,1
1950,1
1951,1
1952,1
1953,1
1954,1
1955,0
1956,1
1957,0
1958,1
1959,1
1960,0
1961,0
1962,1
1963,1
1964,1
1965,1
1966,1
1967,1
1968,1
1969,1
1970,1
1971,0
1972,1
1973,0
1974,0
1975,1
1976,0
1977,1
1978,0
1979,1
1980,0
1981,0
1982,0
1983,1
1984,1
1985,0
1986,1
1987,1
1988,1
1989,1
1990,1
1991,1
1992,0
1993,1
1994,0
1995,1
1996,1
1997,0
1998,1
1999,1
2000,0
2001,1
2002,0
2003,0
2004,0
2005,1
2006,1
2007,1
2008,1
2009,1
2010,1
2011,1
2012,1
2013,1
2014,0
2015,1
2016,1
2017,1
2018,1
2019,0
2020,0
2021,1
2022,0
2023,0
2024,0
2025,0
2026,1
2027,0
2028,0
2029,1
2030,0
2031,1
2032,0
2033,1
2034,0
2035,0
2036,1
2037,1
2038,1
2039,1
2040,1
2041,1
2042,1
2043,0
2044,0
2045,1
2046,0
2047,0
2048,0
2049,0
2050,1
2051,0
2052,0
2053,0
2054,0
2055,0
2056,0
2057,1
2058,0
2059,0
2060,0
2061,1
2062,0
2063,0
2064,0
2065,1
2066,0
2067,0
2068,0
2069,1
2070,1
2071,1
2072,1
2073,0
2074,0
2075,1
2076,0
2077,0
2078,1
2079,1
2080,1
2081,1
2082,1
2083,0
2084,1
2085,0
2086,1
2087,0
2088,0
2089,1
2090,0
2091,0
2092,1
2093,0
2094,0
2095,0
2096,0
2097,0
2098,0
2099,0
2100,1
2101,1
2102,0
2103,1
2104,0
2105,0
2106,0
2107,0
2108,0
2109,0
2110,0
2111,1
2112,0
2113,0
2114,0
2115,0
2116,0
2117,1
2118,1
2119,1
2120,0
2121,0
2122,1
2123,0
2124,1
2125,0
2126,1
2127,0
2128,0
2129,0
2130,0
2131,0
2132,1
2133,1
2134,1
2135,1
2136,0
2137,0
2138,1
2139,0
2140,1
2141,0
2142,1
2143,1
2144,1
2145,0
2146,0
2147,0
2148,1
2149,1
2150,0
2151,1
2152,0
2153,1
2154,0
2155,0
2156,1
2157,0
2158,0
2159,0
2160,1
2161,0
2162,1
2163,0
2164,0
2165,0
2166,1
2167,1
2168,1
2169,1
2170,0
2171,0
2172,1
2173,1
2174,1
2175,1
2176,1
2177,1
2178,1
2179,0
2180,1
2181,1
2182,0
2183,1
2184,0
2185,0
2186,0
2187,0
2188,1
2189,0
2190,1
2191,1
2192,1
2193,0
2194,0
2195,0
2196,0
2197,0
2198,1
2199,0
2200,0
2201,1
2202,0
2203,1
2204,0
2205,0
2206,0
2207,1
2208,0
2209,0
2210,0
2211,0
2212,1
2213,1
2214,1
2215,1
2216,0
2217,1
2218,1
2219,0
2220,0
2221,1
2222,1
2223,0
2224,1
2225,1
2226,0
2227,1
2228,0
2229,1
2230,0
2231,0
2232,1
2233,0
2234,0
2235,1
2236,1
2237,1
2238,1
2239,1
2240,0
2241,0
2242,1
2243,0
2244,0
2245,0
2246,0
2247,0
2248,0
2249,0
2250,1
2251,0
2252,0
2253,0
2254,0
2255,0
2256,1
2257,1
2258,1
2259,0
2260,1
2261,0
2262,1
2263,0
2264,0
2265,0
2266,1
2267,0
2268,1
2269,0
2270,0
2271,0
2272,1
2273,0
2274,0
2275,0
2276,0
2277,1
2278,1
2279,1
2280,0
2281,0
2282,1
2283,1
2284,0
2285,0
2286,0
2287,0
2288,0
2289,1
2290,0
2291,1
2292,1
2293,1
2294,0
2295,1
2296,1
2297,1
2298,1
2299,0
2300,0
2301,1
2302,0
2303,0
2304,0
2305,0
2306,0
2307,1
2308,1
2309,0
2310,1
2311,1
2312,1
2313,1
2314,0
2315,0
2316,0
2317,1
2318,0
2319,1
2320,1
2321,1
2322,1
2323,1
2324,1
2325,1
2326,0
2327,0
2328,0
2329,0
2330,1
2331,0
2332,0
2333,0
2334,0
2335,0
2336,0
2337,0
2338,1
2339,0
2340,1
2341,0
2342,1
2343,0
2344,1
2345,0
2346,0
2347,1
2348,0
2349,0
2350,1
2351,1
2352,1
2353,0
2354,0
2355,0
2356,0
2357,0
2358,1
2359,0
2360,1
2361,1
2362,1
2363,1
2364,1
2365,0
2366,0
2367,1
2368,0
2369,1
2370,0
2371,1
2372,0
2373,1
2374,1
2375,1
2376,1
2377,1
2378,0
2379,1
2380,1
2381,1
2382,0
2383,1
2384,0
2385,0
2386,1
2387,1
2388,0
2389,0
2390,0
2391,1
2392,0
2393,0
2394,0
2395,1
2396,0
2397,1
2398,1
2399,1
2400,1
2401,1
2402,0
2403,1
2404,1
2405,1
2406,1
2407,0
2408,0
2409,1
2410,0
2411,0
2412,1
2413,1
2414,0
2415,0
2416,0
2417,1
2418,0
2419,1
2420,0
2421,1
2422,0
2423,1
2424,0
2425,1
2426,1
2427,0
2428,1
2429,0
2430,0
2431,1
2432,1
2433,0
2434,0
2435,1
2436,1
2437,0
2438,0
2439,1
2440,1
2441,0
2442,0
2443,0
2444,0
2445,0
2446,1
2447,1
2448,0
2449,0
2450,0
2451,1
2452,1
2453,0
2454,0
2455,0
2456,0
2457,0
2458,1
2459,0
2460,1
2461,0
2462,1
2463,1
2464,1
2465,0
2466,0
2467,1
2468,1
2469,1
2470,0
2471,1
2472,1
2473,0
2474,1
2475,1
2476,1
2477,0
2478,0
2479,1
2480,1
2481,0
2482,0
2483,1
2484,0
2485,0
2486,1
2487,0
2488,1
2489,0
2490,0
2491,1
2492,1
2493,0
2494,1
2495,0
2496,1
2497,0
2498,1
2499,0
2500,0
2501,0
2502,1
2503,1
2504,1
2505,0
2506,0
2507,0
2508,0
2509,0
2510,0
2511,1
2512,0
2513,0
2514,1
2515,0
2516,0
2517,0
2518,0
2519,0
2520,0
2521,0
2522,0
2523,0
2524,0
2525,0
2526,0
2527,1
2528,0
2529,0
2530,1
2531,1
2532,0
2533,1
2534,0
2535,0
2536,1
2537,1
2538,0
2539,1
2540,0
2541,0
2542,1
2543,0
2544,1
2545,0
2546,0
2547,0
2548,1
2549,0
2550,1
2551,0
2552,1
2553,0
2554,1
2555,1
2556,0
2557,1
2558,0
2559,0
2560,1
2561,0
2562,0
2563,1
2564,1
2565,0
2566,0
2567,0
2568,0
2569,0
2570,0
2571,0
2572,1
2573,0
2574,1
2575,1
2576,0
2577,1
2578,1
2579,0
2580,1
2581,1
2582,1
2583,0
2584,0
2585,1
2586,1
2587,0
2588,0
2589,0
2590,1
2591,0
2592,0
2593,1
2594,0
2595,0
2596,0
2597,0
2598,0
2599,0
2600,0
2601,1
2602,1
2603,1
2604,0
2605,1
2606,1
2607,0
2608,1
2609,1
2610,0
2611,1
2612,0
2613,1
2614,0
2615,0
2616,0
2617,0
2618,0
2619,0
2620,0
2621,0
2622,0
2623,1
2624,0
2625,0
2626,1
2627,0
2628,0
2629,0
2630,0
2631,0
2632,1
2633,0
2634,0
2635,0
2636,0
2637,1
2638,1
2639,1
2640,1
2641,0
2642,0
2643,0
2644,0
2645,0
2646,0
2647,0
2648,1
2649,1
2650,1
2651,1
2652,1
2653,1
2654,0
2655,0
2656,0
2657,0
2658,1
2659,1
2660,0
2661,1
2662,1
2663,0
2664,1
2665,1
2666,1
2667,0
2668,1
2669,0
2670,0
2671,0
2672,0
2673,1
2674,0
2675,0
2676,1
2677,1
2678,0
2679,0
2680,0
2681,0
2682,1
2683,1
2684,0
2685,1
2686,1
2687,0
2688,1
2689,0
2690,0
2691,1
2692,0
2693,0
2694,0
2695,1
2696,1
2697,1
2698,1
2699,1
2700,1
2701,1
2702,1
2703,1
2704,0
2705,1
2706,1
2707,0
2708,1
2709,0
2710,0
2711,1
2712,0
2713,1
2714,0
2715,1
2716,1
2717,0
2718,0
2719,1
2720,0
2721,0
2722,1
2723,1
2724,0
2725,0
2726,1
2727,0
2728,0
2729,0
2730,0
2731,1
2732,1
2733,0
2734,0
2735,1
2736,1
2737,1
2738,0
2739,1
2740,0
2741,0
2742,0
2743,0
2744,1
2745,1
2746,1
2747,0
2748,0
2749,0
2750,1
2751,0
2752,0
2753,1
2754,1
2755,1
2756,1
2757,0
2758,0
2759,1
2760,1
2761,0
2762,1
2763,0
2764,1
2765,1
2766,1
2767,0
2768,0
2769,1
2770,1
2771,0
2772,0
2773,1
2774,0
2775,0
2776,1
2777,1
2778,0
2779,0
2780,1
2781,0
2782,1
2783,1
2784,0
2785,0
2786,0
2787,0
2788,1
2789,0
2790,1
2791,0
2792,0
2793,1
2794,1
2795,0
2796,1
2797,1
2798,1
2799,1
2800,1
2801,0
2802,1
2803,0
2804,1
2805,0
2806,1
2807,0
2808,0
2809,0
2810,1
2811,0
2812,0
2813,1
2814,0
2815,0
2816,0
2817,1
2818,0
2819,0
2820,0
2821,0
2822,0
2823,1
2824,0
2825,0
2826,1
2827,0
2828,0
2829,0
2830,0
2831,0
2832,1
2833,1
2834,1
2835,0
2836,1
2837,1
2838,1
2839,1
2840,1
2841,0
2842,1
2843,0
2844,0
2845,1
2846,0
2847,0
2848,1
2849,1
2850,0
2851,0
2852,1
2853,1
2854,0
2855,1
2856,0
2857,1
2858,0
2859,0
2860,0
2861,1
2862,0
2863,1
2864,1
2865,1
2866,0
2867,1
2868,0
2869,1
2870,1
2871,1
2872,0
2873,1
2874,1
2875,0
2876,1
2877,1
2878,1
2879,0
2880,0
2881,1
2882,1
2883,0
2884,1
2885,0
2886,1
2887,1
2888,0
2889,0
2890,1
2891,1
2892,0
2893,0
2894,0
2895,0
2896,0
2897,1
2898,0
2899,0
2900,1
2901,0
2902,0
2903,0
2904,1
2905,0
2906,1
2907,1
2908,0
2909,0
2910,1
2911,1
2912,0
2913,0
2914,1
2915,0
2916,0
2917,1
2918,0
2919,0
2920,1
2921,1
2922,1
2923,1
2924,1
2925,0
2926,1
2927,0
2928,1
2929,0
2930,0
2931,0
2932,0
2933,0
2934,0
2935,1
2936,1
2937,0
2938,0
2939,0
2940,1
2941,0
2942,1
2943,1
2944,1
2945,0
2946,1
2947,0
2948,0
2949,0
2950,0
2951,1
2952,1
2953,0
2954,0
2955,0
2956,1
2957,0
2958,1
2959,1
2960,0
2961,1
2962,0
2963,1
2964,1
2965,0
2966,1
2967,0
2968,1
2969,1
2970,1
2971,0
2972,0
2973,0
2974,0
2975,1
2976,1
2977,0
2978,0
2979,1
2980,1
2981,0
2982,0
2983,1
2984,0
2985,1
2986,1
2987,1
2988,0
2989,1
2990,0
2991,1
2992,0
2993,1
2994,1
2995,1
2996,0
2997,1
2998,1
2999,0
3000,0
3001,1
3002,0
3003,1
3004,0
3005,0
3006,0
3007,0
3008,0
3009,1
3010,1
3011,0
3012,0
3013,1
3014,0
3015,0
3016,0
3017,1
3018,0
3019,1
3020,0
3021,1
3022,1
3023,0
3024,0
3025,0
3026,1
3027,0
3028,0
3029,1
3030,0
3031,1
3032,1
3033,0
3034,1
3035,1
3036,0
3037,1
3038,1
3039,0
3040,1
3041,0
3042,0
3043,0
3044,0
3045,1
3046,0
3047,1
3048,0
3049,0
3050,0
3051,1
3052,0
3053,1
3054,1
3055,0
3056,0
3057,0
3058,1
3059,0
3060,1
3061,0
3062,1
3063,0
3064,0
3065,0
3066,1
3067,1
3068,0
3069,1
3070,1
3071,1
3072,0
3073,1
3074,1
3075,1
3076,1
3077,0
3078,1
3079,0
3080,0
3081,1
3082,1
3083,1
3084,0
3085,0
3086,1
3087,1
3088,1
3089,0
3090,1
3091,1
3092,0
3093,0
3094,1
3095,0
3096,0
3097,1
3098,1
3099,0
3100,1
3101,0
3102,0
3103,1
3104,0
3105,1
3106,1
3107,0
3108,0
3109,1
3110,1
3111,1
3112,0
3113,0
3114,0
3115,0
3116,1
3117,0
3118,1
3119,0
3120,1
3121,0
3122,0
3123,1
3124,1
3125,0
3126,1
3127,0
3128,1
3129,0
3130,1
3131,0
3132,0
3133,0
3134,1
3135,0
3136,1
3137,1
3138,1
3139,1
3140,0
3141,0
3142,0
3143,0
3144,1
3145,1
3146,1
3147,0
3148,0
3149,1
3150,1
3151,1
3152,0
3153,1
3154,1
3155,0
3156,1
3157,0
3158,1
3159,1
3160,0
3161,0
3162,1
3163,0
3164,1
3165,1
3166,0
3167,0
3168,1
3169,1
3170,0
3171,1
3172,0
3173,1
3174,0
3175,1
3176,1
3177,0
3178,0
3179,0
3180,0
3181,0
3182,0
3183,0
3184,1
3185,0
3186,1
3187,0
3188,1
3189,1
3190,1
3191,1
3192,0
3193,0
3194,1
3195,1
3196,1
3197,0
3198,1
3199,1
3200,1
3201,1
3202,0
3203,0
3204,1
3205,1
3206,0
3207,0
3208,0
3209,0
3210,1
3211,1
3212,0
3213,1
3214,1
3215,1
3216,1
3217,1
3218,0
3219,1
3220,0
3221,1
3222,0
3223,1
3224,1
3225,0
3226,1
3227,0
3228,0
3229,0
3230,1
3231,1
3232,1
3233,1
3234,0
3235,1
3236,1
3237,0
3238,0
3239,0
3240,1
3241,0
3242,0
3243,1
3244,0
3245,0
3246,0
3247,1
3248,1
3249,1
3250,0
3251,0
3252,1
3253,0
3254,0
3255,1
3256,0
3257,0
3258,0
3259,1
3260,0
3261,0
3262,1
3263,0
3264,0
3265,0
3266,1
3267,0
3268,0
3269,1
3270,1
3271,1
3272,1
3273,1
3274,1
3275,1
3276,0
3277,0
3278,1
3279,0
3280,0
3281,1
3282,1
3283,1
3284,1
3285,1
3286,0
3287,1
3288,1
3289,0
3290,1
3291,1
3292,1
3293,0
3294,1
3295,1
3296,1
3297,1
3298,1
3299,1
3300,1
3301,0
3302,1
3303,0
3304,0
3305,0
3306,1
3307,0
3308,0
3309,0
3310,0
3311,0
3312,0
3313,1
3314,1
3315,0
3316,0
3317,1
3318,0
3319,1
3320,1
3321,1
3322,0
3323,1
3324,1
3325,1
3326,0
3327,1
3328,1
3329,0
3330,0
3331,0
3332,0
3333,0
3334,0
3335,1
3336,1
3337,0
3338,1
3339,1
3340,0
3341,1
3342,0
3343,0
3344,1
3345,0
3346,1
3347,1
3348,0
3349,1
3350,0
3351,1
3352,1
3353,1
3354,0
3355,1
3356,1
3357,0
3358,0
3359,0
3360,0
3361,1
3362,1
3363,0
3364,0
3365,1
3366,0
3367,1
3368,1
3369,0
3370,0
3371,0
3372,1
3373,0
3374,0
3375,1
3376,1
3377,0
3378,0
3379,1
3380,1
3381,0
3382,0
3383,1
3384,1
3385,1
3386,1
3387,0
3388,0
3389,1
3390,0
3391,1
3392,1
3393,0
3394,0
3395,0
3396,1
3397,0
3398,1
3399,1
3400,1
3401,1
3402,0
3403,0
3404,1
3405,0
3406,0
3407,0
3408,1
3409,0
3410,1
3411,1
3412,0
3413,0
3414,1
3415,1
3416,0
3417,0
3418,0
3419,1
3420,0
3421,1
3422,0
3423,0
3424,1
3425,0
3426,1
3427,1
3428,0
3429,1
3430,0
3431,1
3432,1
3433,1
3434,0
3435,0
3436,1
3437,1
3438,1
3439,1
3440,1
3441,0
3442,1
3443,0
3444,1
3445,1
3446,1
3447,0
3448,1
3449,0
3450,0
3451,1
3452,1
3453,1
3454,0
3455,0
3456,1
3457,1
3458,0
3459,0
3460,0
3461,0
3462,1
3463,0
3464,0
3465,1
3466,1
3467,0
3468,1
3469,0
3470,0
3471,0
3472,0
3473,1
3474,1
3475,1
3476,1
3477,1
3478,1
3479,1
3480,0
3481,1
3482,0
3483,0
3484,0
3485,1
3486,1
3487,0
3488,0
3489,0
3490,1
3491,1
3492,1
3493,0
3494,0
3495,0
3496,1
3497,1
3498,1
3499,1
3500,0
3501,1
3502,1
3503,1
3504,0
3505,1
3506,0
3507,0
3508,1
3509,1
3510,1
3511,1
3512,0
3513,0
3514,1
3515,1
3516,0
3517,0
3518,0
3519,1
3520,0
3521,1
3522,1
3523,1
3524,1
3525,0
3526,1
3527,0
3528,0
3529,0
3530,1
3531,0
3532,0
3533,1
3534,1
3535,0
3536,0
3537,0
3538,1
3539,0
3540,1
3541,0
3542,0
3543,1
3544,1
3545,0
3546,1
3547,1
3548,1
3549,0
3550,0
3551,1
3552,0
3553,1
3554,1
3555,1
3556,0
3557,1
3558,0
3559,1
3560,0
3561,0
3562,0
3563,0
3564,0
3565,0
3566,1
3567,1
3568,1
3569,0
3570,0
3571,0
3572,0
3573,1
3574,1
3575,0
3576,1
3577,1
3578,0
3579,1
3580,0
3581,0
3582,0
3583,1
3584,1
3585,0
3586,1
3587,0
3588,0
3589,0
3590,0
3591,0
3592,1
3593,1
3594,1
3595,1
3596,1
3597,1
3598,0
3599,1
3600,0
3601,1
3602,1
3603,1
3604,0
3605,1
3606,1
3607,0
3608,1
3609,1
3610,0
3611,0
3612,0
3613,1
3614,1
3615,0
3616,1
3617,0
3618,0
3619,1
3620,0
3621,0
3622,1
3623,1
3624,0
3625,1
3626,0
3627,0
3628,0
3629,0
3630,1
3631,0
3632,0
3633,1
3634,0
3635,1
3636,1
3637,0
3638,0
3639,1
3640,0
3641,1
3642,0
3643,0
3644,0
3645,0
3646,1
3647,1
3648,1
3649,1
3650,0
3651,1
3652,1
3653,0
3654,1
3655,0
3656,1
3657,1
3658,0
3659,1
3660,1
3661,0
3662,1
3663,0
3664,0
3665,0
3666,1
3667,0
3668,0
3669,0
3670,0
3671,0
3672,1
3673,1
3674,1
3675,1
3676,0
3677,0
3678,0
3679,0
3680,1
3681,0
3682,1
3683,0
3684,0
3685,0
3686,1
3687,0
3688,0
3689,0
3690,0
3691,1
3692,1
3693,0
3694,1
3695,1
3696,1
3697,0
3698,0
3699,0
3700,1
3701,0
3702,0
3703,0
3704,0
3705,1
3706,1
3707,0
3708,0
3709,1
3710,0
3711,1
3712,0
3713,0
3714,1
3715,1
3716,1
3717,1
3718,0
3719,0
3720,1
3721,1
3722,1
3723,1
3724,0
3725,1
3726,1
3727,0
3728,0
3729,0
3730,1
3731,1
3732,0
3733,0
3734,0
3735,1
3736,0
3737,1
3738,0
3739,0
3740,1
3741,0
3742,1
3743,1
3744,0
3745,1
3746,0
3747,0
3748,1
3749,1
3750,1
3751,0
3752,1
3753,1
3754,0
3755,1
3756,0
3757,0
3758,0
3759,0
3760,0
3761,1
3762,1
3763,1
3764,0
3765,0
3766,0
3767,0
3768,0
3769,1
3770,1
3771,1
3772,1
3773,0
3774,0
3775,0
3776,1
3777,1
3778,1
3779,1
3780,0
3781,1
3782,0
3783,0
3784,1
3785,0
3786,0
3787,1
3788,0
3789,0
3790,0
3791,1
3792,1
3793,1
3794,1
3795,0
3796,0
3797,1
3798,1
3799,1
3800,0
3801,1
3802,1
3803,1
3804,0
3805,0
3806,1
3807,0
3808,1
3809,0
3810,0
3811,0
3812,1
3813,0
3814,0
3815,1
3816,1
3817,1
3818,1
3819,0
3820,1
3821,0
3822,0
3823,1
3824,1
3825,0
3826,1
3827,0
3828,1
3829,1
3830,1
3831,0
3832,0
3833,1
3834,1
3835,0
3836,0
3837,1
3838,0
3839,1
3840,1
3841,1
3842,0
3843,1
3844,0
3845,0
3846,1
3847,0
3848,0
3849,1
3850,1
3851,0
3852,0
3853,0
3854,0
3855,0
3856,1
3857,1
3858,0
3859,0
3860,0
3861,0
3862,0
3863,1
3864,1
3865,0
3866,0
3867,1
3868,1
3869,1
3870,1
3871,1
3872,0
3873,1
3874,0
3875,0
3876,1
3877,1
3878,0
3879,1
3880,1
3881,0
3882,0
3883,0
3884,1
3885,1
3886,1
3887,0
3888,1
3889,1
3890,1
3891,1
3892,0
3893,1
3894,0
3895,1
3896,1
3897,0
3898,0
3899,0
3900,0
3901,0
3902,0
3903,0
3904,1
3905,0
3906,0
3907,0
3908,0
3909,1
3910,1
3911,1
3912,0
3913,0
3914,0
3915,1
3916,1
3917,1
3918,0
3919,0
3920,1
3921,1
3922,0
3923,0
3924,1
3925,0
3926,1
3927,0
3928,0
3929,0
3930,1
3931,0
3932,1
3933,1
3934,0
3935,1
3936,0
3937,0
3938,0
3939,1
3940,0
3941,0
3942,0
3943,0
3944,1
3945,1
3946,0
3947,0
3948,0
3949,0
3950,0
3951,1
3952,1
3953,0
3954,0
3955,1
3956,1
3957,1
3958,1
3959,1
3960,1
3961,0
3962,1
3963,1
3964,1
3965,0
3966,1
3967,1
3968,0
3969,1
3970,1
3971,1
3972,0
3973,1
3974,1
3975,0
3976,0
3977,0
3978,0
3979,0
3980,1
3981,1
3982,0
3983,1
3984,0
3985,0
3986,1
3987,1
3988,0
3989,0
3990,0
3991,0
3992,1
3993,0
3994,0
3995,1
3996,0
3997,1
3998,0
3999,1
4000,0
4001,0
4002,1
4003,1
4004,0
4005,0
4006,0
4007,1
4008,0
4009,0
4010,0
4011,1
4012,1
4013,1
4014,0
4015,1
4016,0
4017,0
4018,1
4019,1
4020,0
4021,1
4022,1
4023,1
4024,0
4025,0
4026,0
4027,1
4028,0
4029,0
4030,0
4031,0
4032,0
4033,1
4034,0
4035,0
4036,1
4037,1
4038,0
4039,1
4040,1
4041,0
4042,1
4043,1
4044,1
4045,1
4046,1
4047,1
4048,0
4049,1
4050,1
4051,1
4052,0
4053,0
4054,1
4055,0
4056,1
4057,0
4058,1
4059,1
4060,1
4061,0
4062,0
4063,0
4064,1
4065,1
4066,1
4067,0
4068,0
4069,1
4070,1
4071,1
4072,0
4073,0
4074,0
4075,1
4076,1
4077,1
4078,1
4079,1
4080,1
4081,1
4082,0
4083,1
4084,1
4085,1
4086,0
4087,0
4088,1
4089,0
4090,0
4091,1
4092,1
4093,0
4094,0
4095,0
4096,1
4097,0
4098,0
4099,0
4100,1
4101,1
4102,0
4103,0
4104,1
4105,0
4106,1
4107,0
4108,0
4109,1
4110,1
4111,1
4112,0
4113,1
4114,0
4115,0
4116,0
4117,0
4118,1
4119,0
4120,1
4121,1
4122,0
4123,1
4124,1
4125,1
4126,1
4127,0
4128,0
4129,0
4130,1
4131,1
4132,1
4133,0
4134,0
4135,0
4136,1
4137,1
4138,1
4139,1
4140,1
4141,1
4142,1
4143,1
4144,1
4145,1
4146,1
4147,0
4148,1
4149,1
4150,1
4151,1
4152,0
4153,0
4154,1
4155,1
4156,0
4157,0
4158,0
4159,0
4160,1
4161,0
4162,1
4163,1
4164,0
4165,0
4166,1
4167,1
4168,0
4169,0
4170,0
4171,0
4172,1
4173,1
4174,0
4175,0
4176,1
4177,1
4178,0
4179,0
4180,1
4181,0
4182,0
4183,0
4184,1
4185,1
4186,0
4187,0
4188,1
4189,0
4190,1
4191,1
4192,0
4193,1
4194,1
4195,0
4196,1
4197,1
4198,0
4199,1
4200,0
4201,0
4202,0
4203,0
4204,0
4205,1
4206,1
4207,0
4208,1
4209,0
4210,0
4211,1
4212,1
4213,0
4214,0
4215,0
4216,0
4217,0
4218,0
4219,0
4220,0
4221,1
4222,0
4223,0
4224,1
4225,1
4226,1
4227,1
4228,1
4229,0
4230,0
4231,1
4232,1
4233,1
4234,1
4235,0
4236,1
4237,1
4238,0
4239,0
4240,0
4241,0
4242,0
4243,0
4244,0
4245,1
4246,0
4247,1
4248,0
4249,1
4250,0
4251,0
4252,1
4253,1
4254,1
4255,1
4256,1
4257,1
4258,0
4259,1
4260,0
4261,1
4262,0
4263,0
4264,1
4265,1
4266,0
4267,0
4268,0
4269,0
4270,1
4271,0
4272,0
4273,1
4274,0
4275,1
4276,0
4277,0
4278,0
4279,1
4280,1
4281,1
4282,1
4283,0
4284,1
4285,0
4286,1
4287,1
4288,1
4289,0
4290,0
4291,1
4292,0
4293,1
4294,1
4295,0
4296,1
4297,1
4298,1
4299,1
4300,1
4301,1
4302,1
4303,0
4304,1
4305,1
4306,1
4307,0
4308,0
4309,0
4310,1
4311,0
4312,0
4313,1
4314,0
4315,0
4316,1
4317,1
4318,0
4319,0
4320,0
4321,0
4322,0
4323,1
4324,1
4325,1
4326,0
4327,1
4328,0
4329,1
4330,0
4331,1
4332,1
4333,0
4334,1
4335,0
4336,1
4337,0
4338,1
4339,1
4340,0
4341,0
4342,1
4343,0
4344,1
4345,0
4346,0
4347,0
4348,0
4349,0
4350,0
4351,0
4352,0
4353,1
4354,0
4355,1
4356,0
4357,0
4358,1
4359,0
4360,0
4361,0
4362,0
4363,1
4364,0
4365,0
4366,0
4367,0
4368,1
4369,0
4370,0
4371,1
4372,0
4373,0
4374,1
4375,1
4376,1
4377,0
4378,0
4379,1
4380,0
4381,0
4382,0
4383,1
4384,0
4385,0
4386,1
4387,1
4388,1
4389,0
4390,0
4391,1
4392,1
4393,0
4394,1
4395,0
4396,1
4397,1
4398,0
4399,0
4400,0
4401,0
4402,0
4403,0
4404,1
4405,0
4406,1
4407,1
4408,0
4409,1
4410,0
4411,1
4412,0
4413,1
4414,0
4415,0
4416,1
4417,1
4418,1
4419,0
4420,1
4421,0
4422,1
4423,0
4424,1
4425,1
4426,1
4427,1
4428,1
4429,0
4430,1
4431,1
4432,1
4433,0
4434,1
4435,1
4436,1
4437,1
4438,1
4439,1
4440,1
4441,1
4442,0
4443,0
4444,1
4445,1
4446,0
4447,1
4448,0
4449,1
4450,0
4451,1
4452,0
4453,0
4454,1
4455,0
4456,0
4457,0
4458,0
4459,0
4460,0
4461,1
4462,1
4463,0
4464,1
4465,0
4466,1
4467,0
4468,1
4469,1
4470,0
4471,0
4472,1
4473,1
4474,0
4475,0
4476,1
4477,0
4478,0
4479,0
4480,0
4481,1
4482,0
4483,0
4484,1
4485,0
4486,0
4487,0
4488,1
4489,0
4490,1
4491,1
4492,1
4493,1
4494,0
4495,0
4496,1
4497,1
4498,0
4499,0
4500,1
4501,0
4502,1
4503,1
4504,1
4505,0
4506,1
4507,0
4508,1
4509,1
4510,1
4511,1
4512,0
4513,1
4514,0
4515,0
4516,0
4517,0
4518,0
4519,1
4520,1
4521,0
4522,0
4523,1
4524,0
4525,1
4526,1
4527,1
4528,0
4529,1
4530,1
4531,1
4532,0
4533,0
4534,0
4535,1
4536,0
4537,0
4538,1
4539,1
4540,0
4541,1
4542,0
4543,0
4544,0
4545,1
4546,1
4547,1
4548,0
4549,0
4550,1
4551,1
4552,1
4553,0
4554,0
4555,1
4556,0
4557,0
4558,1
4559,0
4560,0
4561,0
4562,0
4563,0
4564,0
4565,0
4566,0
4567,1
4568,0
4569,0
4570,0
4571,0
4572,1
4573,1
4574,0
4575,0
4576,0
4577,0
4578,1
4579,0
4580,1
4581,0
4582,0
4583,1
4584,1
4585,0
4586,1
4587,0
4588,1
4589,1
4590,1
4591,1
4592,0
4593,1
4594,1
4595,1
4596,0
4597,1
4598,0
4599,0
4600,1
4601,0
4602,0
4603,0
4604,0
4605,0
4606,0
4607,0
4608,0
4609,1
4610,0
4611,1
4612,0
4613,0
4614,0
4615,0
4616,1
4617,0
4618,0
4619,0
4620,1
4621,0
4622,1
4623,0
4624,0
4625,0
4626,0
4627,1
4628,1
4629,0
4630,1
4631,0
4632,1
4633,1
4634,0
4635,0
4636,1
4637,0
4638,0
4639,1
4640,0
4641,1
4642,1
4643,1
4644,1
4645,1
4646,1
4647,0
4648,1
4649,0
4650,0
4651,1
4652,0
4653,0
4654,1
4655,1
4656,1
4657,1
4658,0
4659,0
4660,1
4661,1
4662,1
4663,0
4664,0
4665,0
4666,0
4667,1
4668,0
4669,0
4670,1
4671,0
4672,0
4673,0
4674,1
4675,0
4676,0
4677,0
4678,0
4679,1
4680,1
4681,1
4682,0
4683,0
4684,1
4685,0
4686,0
4687,0
4688,0
4689,0
4690,0
4691,1
4692,0
4693,1
4694,0
4695,1
4696,0
4697,1
4698,0
4699,0
4700,0
4701,0
4702,0
4703,1
4704,1
4705,0
4706,0
4707,0
4708,0
4709,0
4710,0
4711,0
4712,1
4713,1
4714,0
4715,1
4716,0
4717,1
4718,0
4719,0
4720,1
4721,1
4722,1
4723,1
4724,0
4725,0
4726,0
4727,0
4728,1
4729,0
4730,0
4731,0
4732,0
4733,0
4734,1
4735,1
4736,1
4737,0
4738,1
4739,0
4740,1
4741,1
4742,0
4743,0
4744,0
4745,1
4746,0
4747,0
4748,1
4749,1
4750,1
4751,1
4752,0
4753,1
4754,0
4755,1
4756,1
4757,0
4758,1
4759,1
4760,0
4761,0
4762,0
4763,1
4764,0
4765,1
4766,0
4767,0
4768,1
4769,0
4770,0
4771,0
4772,0
4773,0
4774,0
4775,0
4776,1
4777,0
4778,0
4779,0
4780,1
4781,0
4782,0
4783,1
4784,1
4785,0
4786,1
4787,1
4788,0
4789,0
4790,0
4791,1
4792,0
4793,0
4794,1
4795,1
4796,0
4797,0
4798,0
4799,0
4800,1
4801,0
4802,0
4803,0
4804,0
4805,1
4806,0
4807,0
4808,1
4809,1
4810,0
4811,1
4812,0
4813,1
4814,0
4815,1
4816,1
4817,0
4818,0
4819,0
4820,1
4821,0
4822,1
4823,0
4824,0
4825,0
4826,1
4827,1
4828,1
4829,0
4830,0
4831,0
4832,0
4833,0
4834,1
4835,1
4836,1
4837,0
4838,1
4839,1
4840,0
4841,0
4842,0
4843,1
4844,0
4845,1
4846,1
4847,0
4848,0
4849,1
4850,0
4851,1
4852,1
4853,0
4854,0
4855,0
4856,0
4857,1
4858,1
4859,0
4860,0
4861,1
4862,1
4863,0
4864,0
4865,0
4866,0
4867,1
4868,1
4869,0
4870,0
4871,0
4872,1
4873,1
4874,0
4875,1
4876,1
4877,1
4878,0
4879,1
4880,0
4881,0
4882,1
4883,1
4884,0
4885,1
4886,1
4887,0
4888,0
4889,0
4890,1
4891,0
4892,1
4893,0
4894,0
4895,0
4896,0
4897,0
4898,0
4899,1
4900,1
4901,1
4902,1
4903,0
4904,1
4905,1
4906,1
4907,1
4908,0
4909,0
4910,0
4911,0
4912,1
4913,0
4914,0
4915,0
4916,0
4917,1
4918,1
4919,0
4920,0
4921,0
4922,1
4923,0
4924,0
4925,0
4926,0
4927,1
4928,1
4929,1
4930,1
4931,0
4932,1
4933,1
4934,0
4935,0
4936,0
4937,1
4938,1
4939,0
4940,1
4941,0
4942,0
4943,0
4944,1
4945,1
4946,0
4947,0
4948,0
4949,1
4950,0
4951,1
4952,0
4953,1
4954,1
4955,0
4956,0
4957,1
4958,0
4959,1
4960,0
4961,0
4962,0
4963,1
4964,0
4965,1
4966,0
4967,1
4968,0
4969,0
4970,0
4971,1
4972,0
4973,1
4974,0
4975,0
4976,0
4977,1
4978,0
4979,1
4980,1
4981,0
4982,1
4983,0
4984,0
4985,0
4986,0
4987,0
4988,0
4989,1
4990,0
4991,1
4992,1
4993,1
4994,0
4995,0
4996,1
4997,1
4998,1
4999,0
5000,1
5001,1
5002,0
5003,1
5004,0
5005,1
5006,0
5007,1
5008,1
5009,1
5010,1
5011,0
5012,0
5013,0
5014,1
5015,0
5016,1
5017,1
5018,0
5019,0
5020,1
5021,0
5022,0
5023,0
5024,0
5025,0
5026,0
5027,0
5028,0
5029,1
5030,1
5031,0
5032,0
5033,0
5034,1
5035,0
5036,0
5037,0
5038,0
5039,1
5040,1
5041,0
5042,1
5043,1
5044,1
5045,0
5046,0
5047,1
5048,0
5049,0
5050,1
5051,1
5052,1
5053,1
5054,1
5055,0
5056,1
5057,1
5058,1
5059,1
5060,1
5061,0
5062,0
5063,1
5064,1
5065,1
5066,0
5067,1
5068,0
5069,1
5070,1
5071,0
5072,1
5073,0
5074,0
5075,1
5076,1
5077,1
5078,0
5079,1
5080,1
5081,1
5082,0
5083,1
5084,1
5085,0
5086,1
5087,1
5088,0
5089,1
5090,1
5091,1
5092,1
5093,0
5094,1
5095,0
5096,0
5097,0
5098,1
5099,1
5100,1
5101,0
5102,0
5103,1
5104,0
5105,0
5106,0
5107,1
5108,0
5109,1
5110,1
5111,0
5112,0
5113,0
5114,0
5115,1
5116,1
5117,0
5118,0
5119,0
5120,0
5121,0
5122,0
5123,0
5124,0
5125,1
5126,1
5127,0
5128,1
5129,1
5130,1
5131,1
5132,1
5133,0
5134,0
5135,1
5136,0
5137,0
5138,0
5139,0
5140,1
5141,1
5142,1
5143,1
5144,0
5145,0
5146,0
5147,0
5148,1
5149,1
5150,0
5151,1
5152,1
5153,1
5154,1
5155,0
5156,1
5157,0
5158,0
5159,0
5160,1
5161,0
5162,1
5163,1
5164,1
5165,0
5166,1
5167,0
5168,0
5169,1
5170,1
5171,0
5172,0
5173,1
5174,1
5175,1
5176,0
5177,1
5178,1
5179,0
5180,1
5181,1
5182,1
5183,1
5184,0
5185,0
5186,1
5187,0
5188,0
5189,0
5190,0
5191,0
5192,0
5193,0
5194,1
5195,0
5196,0
5197,0
5198,0
5199,0
5200,1
5201,1
5202,0
5203,0
5204,1
5205,0
5206,0
5207,1
5208,0
5209,0
5210,1
5211,0
5212,0
5213,0
5214,1
5215,1
5216,0
5217,1
5218,1
5219,0
5220,1
5221,1
5222,0
5223,0
5224,1
5225,0
5226,1
5227,0
5228,1
5229,0
5230,1
5231,0
5232,0
5233,1
5234,0
5235,1
5236,1
5237,1
5238,0
5239,1
5240,0
5241,1
5242,1
5243,0
5244,0
5245,0
5246,1
5247,1
5248,0
5249,0
5250,1
5251,1
5252,0
5253,1
5254,1
5255,0
5256,1
5257,0
5258,0
5259,1
5260,1
5261,0
5262,1
5263,1
5264,0
5265,0
5266,0
5267,0
5268,0
5269,0
5270,1
5271,0
5272,0
5273,0
5274,1
5275,1
5276,0
5277,1
5278,1
5279,1
5280,0
5281,1
5282,0
5283,1
5284,1
5285,0
5286,0
5287,0
5288,0
5289,0
5290,1
5291,1
5292,1
5293,1
5294,0
5295,1
5296,1
5297,1
5298,0
5299,0
5300,1
5301,1
5302,1
5303,0
5304,1
5305,0
5306,0
5307,1
5308,0
5309,1
5310,0
5311,0
5312,0
5313,1
5314,1
5315,1
5316,0
5317,1
5318,1
5319,1
5320,0
5321,1
5322,0
5323,1
5324,0
5325,1
5326,0
5327,0
5328,1
5329,0
5330,1
5331,0
5332,1
5333,0
5334,0
5335,1
5336,0
5337,1
5338,0
5339,0
5340,1
5341,1
5342,1
5343,0
5344,0
5345,1
5346,1
5347,1
5348,0
5349,0
5350,0
5351,1
5352,1
5353,0
5354,1
5355,0
5356,0
5357,0
5358,1
5359,0
5360,0
5361,1
5362,0
5363,1
5364,0
5365,0
5366,0
5367,0
5368,1
5369,0
5370,1
5371,1
5372,0
5373,0
5374,1
5375,0
5376,0
5377,0
5378,0
5379,0
5380,1
5381,0
5382,1
5383,1
5384,0
5385,0
5386,1
5387,0
5388,1
5389,0
5390,0
5391,1
5392,1
5393,0
5394,1
5395,0
5396,1
5397,1
5398,0
5399,0
5400,1
5401,1
5402,0
5403,0
5404,0
5405,0
5406,0
5407,0
5408,0
5409,0
5410,0
5411,1
5412,1
5413,0
5414,1
5415,0
5416,0
5417,1
5418,0
5419,0
5420,0
5421,0
5422,1
5423,1
5424,1
5425,0
5426,0
5427,0
5428,0
5429,0
5430,0
5431,0
5432,0
5433,1
5434,0
5435,0
5436,1
5437,0
5438,0
5439,1
5440,0
5441,1
5442,1
5443,0
5444,0
5445,0
5446,0
5447,0
5448,0
5449,0
5450,1
5451,1
5452,0
5453,0
5454,1
5455,0
5456,1
5457,1
5458,1
5459,1
5460,1
5461,0
5462,1
5463,0
5464,1
5465,0
5466,0
5467,0
5468,1
5469,0
5470,1
5471,0
5472,1
5473,1
5474,0
5475,1
5476,1
5477,1
5478,1
5479,0
5480,0
5481,0
5482,0
5483,0
5484,1
5485,0
5486,0
5487,1
5488,0
5489,0
5490,1
5491,1
5492,0
5493,0
5494,1
5495,0
5496,1
5497,1
5498,1
5499,0
5500,0
5501,1
5502,1
5503,0
5504,0
5505,0
5506,1
5507,1
5508,1
5509,1
5510,0
5511,0
5512,1
5513,0
5514,0
5515,0
5516,0
5517,1
5518,0
5519,0
5520,0
5521,0
5522,0
5523,0
5524,0
5525,1
5526,1
5527,1
5528,0
5529,0
5530,1
5531,1
5532,0
5533,0
5534,0
5535,0
5536,0
5537,1
5538,1
5539,1
5540,1
5541,0
5542,1
5543,1
5544,1
5545,0
5546,1
5547,0
5548,1
5549,0
5550,1
5551,1
5552,1
5553,1
5554,0
5555,1
5556,0
5557,1
5558,1
5559,1
5560,1
5561,0
5562,1
5563,1
5564,1
5565,0
5566,0
5567,1
5568,1
5569,1
5570,0
5571,0
5572,0
5573,0
5574,0
5575,0
5576,0
5577,0
5578,0
5579,1
5580,0
5581,1
5582,0
5583,1
5584,0
5585,0
5586,0
5587,1
5588,1
5589,1
5590,0
5591,0
5592,0
5593,0
5594,0
5595,1
5596,0
5597,0
5598,0
5599,1
5600,1
5601,1
5602,0
5603,0
5604,0
5605,1
5606,1
5607,0
5608,1
5609,0
5610,0
5611,1
5612,0
5613,0
5614,0
5615,1
5616,1
5617,1
5618,1
5619,0
5620,0
5621,0
5622,0
5623,0
5624,0
5625,0
5626,0
5627,1
5628,0
5629,1
5630,1
5631,0
5632,1
5633,1
5634,0
5635,1
5636,0
5637,0
5638,1
5639,0
5640,1
5641,0
5642,0
5643,0
5644,1
5645,1
5646,1
5647,0
5648,0
5649,0
5650,1
5651,0
5652,1
5653,0
5654,0
5655,1
5656,0
5657,0
5658,0
5659,1
5660,1
5661,0
5662,1
5663,0
5664,1
5665,1
5666,1
5667,0
5668,1
5669,0
5670,1
5671,0
5672,1
5673,0
5674,1
5675,1
5676,0
5677,1
5678,0
5679,1
5680,1
5681,1
5682,1
5683,1
5684,0
5685,0
5686,0
5687,1
5688,1
5689,1
5690,1
5691,0
5692,0
5693,0
5694,0
5695,1
5696,0
5697,1
5698,0
5699,1
5700,0
5701,1
5702,0
5703,1
5704,1
5705,0
5706,1
5707,1
5708,0
5709,1
5710,0
5711,0
5712,1
5713,1
5714,1
5715,1
5716,1
5717,1
5718,0
5719,0
5720,1
5721,0
5722,1
5723,1
5724,0
5725,0
5726,0
5727,1
5728,0
5729,1
5730,1
5731,0
5732,0
5733,0
5734,1
5735,0
5736,1
5737,0
5738,1
5739,0
5740,1
5741,0
5742,0
5743,1
5744,1
5745,1
5746,0
5747,0
5748,1
5749,1
5750,1
5751,1
5752,1
5753,0
5754,0
5755,1
5756,0
5757,1
5758,0
5759,1
5760,1
5761,1
5762,1
5763,0
5764,1
5765,0
5766,1
5767,0
5768,1
5769,0
5770,1
5771,1
5772,1
5773,1
5774,0
5775,1
5776,0
5777,1
5778,0
5779,0
5780,0
5781,1
5782,1
5783,1
5784,0
5785,0
5786,0
5787,1
5788,0
5789,0
5790,1
5791,1
5792,1
5793,0
5794,1
5795,0
5796,1
5797,0
5798,0
5799,0
5800,1
5801,0
5802,1
5803,0
5804,0
5805,0
5806,1
5807,0
5808,0
5809,0
5810,1
5811,0
5812,0
5813,1
5814,0
5815,0
5816,1
5817,0
5818,1
5819,1
5820,0
5821,0
5822,1
5823,1
5824,0
5825,0
5826,1
5827,0
5828,1
5829,1
5830,0
5831,1
5832,1
5833,1
5834,0
5835,0
5836,0
5837,0
5838,1
5839,1
5840,1
5841,1
5842,1
5843,0
5844,0
5845,1
5846,1
5847,0
5848,0
5849,1
5850,1
5851,0
5852,0
5853,0
5854,0
5855,1
5856,0
5857,1
5858,1
5859,0
5860,0
5861,1
5862,1
5863,1
5864,0
5865,0
5866,0
5867,0
5868,0
5869,1
5870,1
5871,0
5872,1
5873,0
5874,0
5875,0
5876,0
5877,0
5878,0
5879,1
5880,1
5881,0
5882,0
5883,0
5884,1
5885,0
5886,1
5887,0
5888,0
5889,0
5890,0
5891,1
5892,1
5893,1
5894,1
5895,1
5896,1
5897,1
5898,0
5899,1
5900,0
5901,0
5902,0
5903,1
5904,0
5905,1
5906,0
5907,1
5908,1
5909,1
5910,1
5911,1
5912,1
5913,1
5914,1
5915,0
5916,0
5917,1
5918,0
5919,1
5920,0
5921,0
5922,1
5923,0
5924,0
5925,0
5926,1
5927,1
5928,1
5929,1
5930,1
5931,1
5932,0
5933,1
5934,0
5935,1
5936,1
5937,1
5938,0
5939,1
5940,0
5941,1
5942,1
5943,1
5944,1
5945,0
5946,0
5947,1
5948,0
5949,1
5950,1
5951,1
5952,0
5953,0
5954,0
5955,1
5956,0
5957,1
5958,0
5959,1
5960,1
5961,0
5962,1
5963,1
5964,1
5965,1
5966,0
5967,1
5968,1
5969,1
5970,0
5971,1
5972,1
5973,0
5974,1
5975,1
5976,1
5977,0
5978,0
5979,0
5980,1
5981,1
5982,0
5983,0
5984,1
5985,1
5986,0
5987,0
5988,1
5989,1
5990,0
5991,0
5992,0
5993,1
5994,0
5995,1
5996,0
5997,0
5998,1
5999,0
6000,0
6001,1
6002,1
6003,1
6004,1
6005,1
6006,0
6007,1
6008,1
6009,0
6010,0
6011,0
6012,1
6013,0
6014,1
6015,1
6016,0
6017,0
6018,1
6019,0
6020,1
6021,0
6022,1
6023,1
6024,1
6025,1
6026,0
6027,0
6028,0
6029,1
6030,0
6031,1
6032,0
6033,0
6034,0
6035,0
6036,0
6037,0
6038,1
6039,0
6040,1
6041,1
6042,1
6043,1
6044,0
6045,1
6046,0
6047,1
6048,1
6049,1
6050,1
6051,0
6052,0
6053,1
6054,1
6055,1
6056,0
6057,1
6058,1
6059,1
6060,1
6061,0
6062,1
6063,1
6064,0
6065,0
6066,0
6067,0
6068,0
6069,1
6070,1
6071,1
6072,0
6073,0
6074,1
6075,1
6076,0
6077,0
6078,1
6079,1
6080,1
6081,1
6082,1
6083,1
6084,0
6085,1
6086,0
6087,1
6088,0
6089,1
6090,0
6091,0
6092,1
6093,0
6094,0
6095,1
6096,0
6097,1
6098,1
6099,1
6100,1
6101,1
6102,0
6103,0
6104,1
6105,1
6106,0
6107,1
6108,0
6109,1
6110,1
6111,1
6112,1
6113,1
6114,1
6115,0
6116,1
6117,0
6118,0
6119,1
6120,1
6121,0
6122,0
6123,0
6124,1
6125,0
6126,1
6127,0
6128,0
6129,0
6130,0
6131,0
6132,0
6133,1
6134,0
6135,1
6136,0
6137,0
6138,1
6139,1
6140,0
6141,1
6142,0
6143,1
6144,1
6145,1
6146,1
6147,0
6148,1
6149,1
6150,1
6151,0
6152,1
6153,1
6154,0
6155,1
6156,0
6157,0
6158,0
6159,1
6160,1
6161,1
6162,0
6163,1
6164,1
6165,1
6166,1
6167,0
6168,1
6169,0
6170,0
6171,1
6172,0
6173,0
6174,0
6175,1
6176,1
6177,1
6178,1
6179,1
6180,0
6181,0
6182,1
6183,0
6184,0
6185,0
6186,0
6187,1
6188,1
6189,0
6190,1
6191,1
6192,0
6193,0
6194,0
6195,0
6196,1
6197,0
6198,0
6199,1
6200,0
6201,0
6202,0
6203,0
6204,0
6205,1
6206,1
6207,1
6208,0
6209,1
6210,1
6211,1
6212,0
6213,1
6214,0
6215,1
6216,0
6217,1
6218,1
6219,0
6220,1
6221,1
6222,1
6223,0
6224,0
6225,0
6226,1
6227,0
6228,0
6229,0
6230,0
6231,0
6232,0
6233,0
6234,0
6235,1
6236,1
6237,0
6238,0
6239,0
6240,1
6241,0
6242,1
6243,0
6244,0
6245,0
6246,0
6247,1
6248,1
6249,0
6250,1
6251,1
6252,0
6253,0
6254,0
6255,0
6256,0
6257,0
6258,0
6259,1
6260,0
6261,0
6262,1
6263,1
6264,0
6265,1
6266,1
6267,1
6268,1
6269,1
6270,1
6271,0
6272,0
6273,1
6274,1
6275,0
6276,1
6277,0
6278,0
6279,0
6280,1
6281,0
6282,1
6283,0
6284,1
6285,0
6286,1
6287,1
6288,0
6289,0
6290,0
6291,1
6292,1
6293,0
6294,0
6295,0
6296,1
6297,0
6298,1
6299,0
6300,0
6301,0
6302,0
6303,0
6304,1
6305,0
6306,1
6307,1
6308,1
6309,1
6310,1
6311,1
6312,1
6313,0
6314,0
6315,0
6316,1
6317,0
6318,0
6319,1
6320,0
6321,0
6322,1
6323,1
6324,0
6325,1
6326,0
6327,0
6328,0
6329,1
6330,0
6331,1
6332,1
6333,1
6334,1
6335,0
6336,0
6337,1
6338,0
6339,0
6340,1
6341,0
6342,1
6343,1
6344,1
6345,0
6346,1
6347,1
6348,0
6349,0
6350,0
6351,1
6352,1
6353,0
6354,1
6355,1
6356,0
6357,1
6358,0
6359,1
6360,1
6361,0
6362,0
6363,0
6364,0
6365,1
6366,1
6367,1
6368,1
6369,1
6370,0
6371,0
6372,0
6373,1
6374,1
6375,1
6376,1
6377,0
6378,1
6379,1
6380,1
6381,1
6382,0
6383,0
6384,0
6385,1
6386,1
6387,0
6388,0
6389,0
6390,1
6391,0
6392,0
6393,1
6394,0
6395,0
6396,1
6397,0
6398,0
6399,1
6400,1
6401,1
6402,0
6403,1
6404,1
6405,0
6406,0
6407,1
6408,1
6409,0
6410,0
6411,0
6412,1
6413,0
6414,1
6415,0
6416,0
6417,0
6418,1
6419,0
6420,0
6421,0
6422,1
6423,1
6424,1
6425,1
6426,1
6427,0
6428,0
6429,0
6430,0
6431,0
6432,1
6433,1
6434,1
6435,0
6436,0
6437,1
6438,0
6439,0
6440,0
6441,1
6442,1
6443,1
6444,0
6445,1
6446,1
6447,1
6448,0
6449,1
6450,0
6451,1
6452,1
6453,0
6454,1
6455,1
6456,0
6457,1
6458,1
6459,0
6460,1
6461,1
6462,1
6463,0
6464,1
6465,0
6466,1
6467,1
6468,1
6469,1
6470,1
6471,1
6472,1
6473,0
6474,1
6475,0
6476,1
6477,1
6478,0
6479,0
6480,1
6481,1
6482,0
6483,1
6484,0
6485,0
6486,0
6487,0
6488,0
6489,0
6490,1
6491,0
6492,0
6493,1
6494,1
6495,1
6496,1
6497,1
6498,0
6499,1
6500,0
6501,1
6502,1
6503,1
6504,0
6505,0
6506,0
6507,1
6508,1
6509,0
6510,0
6511,1
6512,0
6513,0
6514,1
6515,0
6516,1
6517,1
6518,1
6519,1
6520,1
6521,0
6522,1
6523,0
6524,1
6525,1
6526,0
6527,1
6528,0
6529,0
6530,0
6531,1
6532,0
6533,0
6534,0
6535,0
6536,0
6537,1
6538,0
6539,1
6540,0
6541,0
6542,0
6543,0
6544,0
6545,0
6546,0
6547,1
6548,0
6549,0
6550,0
6551,0
6552,1
6553,0
6554,1
6555,0
6556,0
6557,0
6558,0
6559,0
6560,0
6561,0
6562,0
6563,1
6564,0
6565,1
6566,1
6567,1
6568,0
6569,0
6570,1
6571,0
6572,0
6573,0
6574,1
6575,1
6576,0
6577,0
6578,1
6579,0
6580,0
6581,1
6582,0
6583,0
6584,0
6585,0
6586,1
6587,0
6588,1
6589,1
6590,0
6591,0
6592,0
6593,1
6594,1
6595,0
6596,1
6597,1
6598,1
6599,0
6600,1
6601,0
6602,0
6603,1
6604,0
6605,1
6606,1
6607,0
6608,1
6609,1
6610,0
6611,0
6612,1
6613,1
6614,1
6615,0
6616,1
6617,1
6618,0
6619,1
6620,0
6621,0
6622,1
6623,1
6624,1
6625,1
6626,1
6627,1
6628,1
6629,1
6630,0
6631,0
6632,0
6633,1
6634,1
6635,1
6636,1
6637,1
6638,0
6639,1
6640,1
6641,1
6642,0
6643,0
6644,0
6645,0
6646,0
6647,0
6648,1
6649,1
6650,1
6651,0
6652,1
6653,0
6654,0
6655,0
6656,0
6657,0
6658,1
6659,1
6660,0
6661,0
6662,0
6663,0
6664,1
6665,0
6666,1
6667,1
6668,0
6669,1
6670,1
6671,1
6672,0
6673,0
6674,0
6675,0
6676,1
6677,0
6678,0
6679,0
6680,0
6681,0
6682,1
6683,0
6684,0
6685,0
6686,1
6687,0
6688,1
6689,0
6690,1
6691,0
6692,0
6693,1
6694,1
6695,0
6696,0
6697,1
6698,1
6699,0
6700,1
6701,0
6702,1
6703,1
6704,0
6705,1
6706,1
6707,1
6708,0
6709,1
6710,0
6711,0
6712,1
6713,1
6714,1
6715,0
6716,0
6717,0
6718,0
6719,0
6720,0
6721,0
6722,0
6723,1
6724,0
6725,1
6726,0
6727,0
6728,1
6729,1
6730,0
6731,0
6732,0
6733,0
6734,0
6735,0
6736,1
6737,0
6738,0
6739,0
6740,0
6741,1
6742,0
6743,1
6744,0
6745,1
6746,1
6747,1
6748,1
6749,0
6750,1
6751,1
6752,1
6753,0
6754,0
6755,1
6756,0
6757,1
6758,0
6759,1
6760,1
6761,0
6762,1
6763,0
6764,0
6765,1
6766,1
6767,1
6768,0
6769,1
6770,0
6771,1
6772,0
6773,0
6774,0
6775,0
6776,1
6777,0
6778,0
6779,1
6780,0
6781,0
6782,1
6783,0
6784,0
6785,1
6786,1
6787,0
6788,0
6789,1
6790,0
6791,1
6792,0
6793,0
6794,1
6795,0
6796,0
6797,0
6798,1
6799,1
6800,0
6801,0
6802,0
6803,1
6804,1
6805,1
6806,1
6807,1
6808,1
6809,0
6810,0
6811,0
6812,0
6813,0
6814,0
6815,1
6816,1
6817,1
6818,0
6819,0
6820,0
6821,0
6822,0
6823,1
6824,1
6825,1
6826,0
6827,0
6828,1
6829,0
6830,1
6831,0
6832,1
6833,1
6834,0
6835,0
6836,1
6837,0
6838,1
6839,0
6840,1
6841,1
6842,0
6843,0
6844,0
6845,0
6846,0
6847,0
6848,0
6849,1
6850,0
6851,1
6852,1
6853,1
6854,1
6855,0
6856,1
6857,0
6858,1
6859,0
6860,1
6861,0
6862,1
6863,0
6864,1
6865,0
6866,0
6867,0
6868,0
6869,0
6870,1
6871,1
6872,0
6873,1
6874,1
6875,0
6876,0
6877,0
6878,1
6879,1
6880,0
6881,0
6882,0
6883,0
6884,0
6885,0
6886,0
6887,0
6888,1
6889,1
6890,0
6891,1
6892,1
6893,0
6894,0
6895,1
6896,1
6897,0
6898,1
6899,1
6900,0
6901,0
6902,0
6903,0
6904,0
6905,0
6906,0
6907,1
6908,0
6909,0
6910,1
6911,0
6912,0
6913,0
6914,1
6915,0
6916,0
6917,1
6918,1
6919,0
6920,0
6921,0
6922,1
6923,0
6924,0
6925,0
6926,0
6927,1
6928,1
6929,1
6930,1
6931,1
6932,0
6933,0
6934,1
6935,1
6936,0
6937,0
6938,0
6939,1
6940,0
6941,1
6942,0
6943,1
6944,0
6945,1
6946,1
6947,0
6948,0
6949,1
6950,0
6951,0
6952,0
6953,0
6954,0
6955,0
6956,1
6957,1
6958,1
6959,0
6960,1
6961,1
6962,0
6963,1
6964,1
6965,1
6966,0
6967,0
6968,1
6969,1
6970,1
6971,0
6972,1
6973,0
6974,0
6975,0
6976,1
6977,0
6978,0
6979,1
6980,1
6981,0
6982,0
6983,0
6984,1
6985,0
6986,1
6987,1
6988,1
6989,1
6990,0
6991,0
6992,1
6993,0
6994,0
6995,1
6996,1
6997,0
6998,0
6999,0
7000,0
7001,1
7002,0
7003,1
7004,0
7005,0
7006,1
7007,1
7008,0
7009,0
7010,0
7011,1
7012,1
7013,0
7014,0
7015,0
7016,1
7017,0
7018,1
7019,1
7020,0
7021,1
7022,1
7023,0
7024,1
7025,0
7026,0
7027,0
7028,0
7029,1
7030,1
7031,0
7032,1
7033,0
7034,1
7035,1
7036,1
7037,1
7038,1
7039,0
7040,0
7041,0
7042,0
7043,0
7044,0
7045,1
7046,0
7047,0
7048,0
7049,0
7050,1
7051,1
7052,1
7053,0
7054,1
7055,0
7056,1
7057,1
7058,0
7059,1
7060,0
7061,1
7062,1
7063,1
7064,0
7065,1
7066,1
7067,1
7068,1
7069,0
7070,1
7071,0
7072,0
7073,0
7074,1
7075,0
7076,0
7077,0
7078,0
7079,0
7080,0
7081,1
7082,1
7083,0
7084,1
7085,1
7086,0
7087,1
7088,1
7089,1
7090,1
7091,1
7092,1
7093,1
7094,0
7095,0
7096,0
7097,1
7098,1
7099,0
7100,0
7101,0
7102,1
7103,0
7104,0
7105,0
7106,0
7107,0
7108,0
7109,0
7110,1
7111,0
7112,0
7113,0
7114,0
7115,1
7116,0
7117,1
7118,1
7119,0
7120,1
7121,0
7122,0
7123,1
7124,0
7125,1
7126,0
7127,1
7128,0
7129,0
7130,0
7131,1
7132,1
7133,1
7134,0
7135,1
7136,1
7137,1
7138,0
7139,0
7140,1
7141,0
7142,1
7143,1
7144,1
7145,0
7146,1
7147,0
7148,0
7149,1
7150,0
7151,1
7152,1
7153,0
7154,0
7155,1
7156,0
7157,0
7158,0
7159,0
7160,0
7161,1
7162,0
7163,1
7164,1
7165,1
7166,1
7167,1
7168,1
7169,1
7170,1
7171,1
7172,0
7173,1
7174,0
7175,1
7176,1
7177,0
7178,1
7179,0
7180,0
7181,1
7182,0
7183,1
7184,0
7185,0
7186,1
7187,0
7188,1
7189,1
7190,0
7191,0
7192,1
7193,1
7194,0
7195,0
7196,1
7197,1
7198,1
7199,0
7200,1
7201,1
7202,0
7203,0
7204,1
7205,0
7206,0
7207,1
7208,1
7209,0
7210,1
7211,0
7212,0
7213,1
7214,0
7215,1
7216,1
7217,0
7218,0
7219,0
7220,0
7221,1
7222,0
7223,1
7224,1
7225,1
7226,1
7227,0
7228,0
7229,0
7230,1
7231,1
7232,0
7233,0
7234,0
7235,1
7236,1
7237,0
7238,0
7239,1
7240,1
7241,1
7242,0
7243,1
7244,1
7245,1
7246,1
7247,0
7248,0
7249,0
7250,0
7251,1
7252,0
7253,1
7254,0
7255,0
7256,0
7257,1
7258,0
7259,1
7260,1
7261,1
7262,0
7263,0
7264,0
7265,0
7266,0
7267,1
7268,0
7269,1
7270,0
7271,0
7272,0
7273,0
7274,1
7275,0
7276,1
7277,1
7278,0
7279,1
7280,1
7281,1
7282,1
7283,0
7284,1
7285,0
7286,1
7287,1
7288,0
7289,1
7290,1
7291,1
7292,0
7293,1
7294,1
7295,0
7296,1
7297,0
7298,0
7299,0
7300,0
7301,1
7302,0
7303,1
7304,0
7305,0
7306,1
7307,1
7308,1
7309,1
7310,1
7311,0
7312,0
7313,0
7314,0
7315,1
7316,1
7317,0
7318,1
7319,1
7320,0
7321,1
7322,0
7323,0
7324,0
7325,0
7326,0
7327,1
7328,1
7329,0
7330,1
7331,1
7332,1
7333,1
7334,0
7335,1
7336,1
7337,1
7338,0
7339,0
7340,1
7341,1
7342,1
7343,0
7344,0
7345,0
7346,1
7347,0
7348,1
7349,0
7350,0
7351,0
7352,0
7353,0
7354,1
7355,1
7356,1
7357,1
7358,1
7359,0
7360,0
7361,0
7362,0
7363,1
7364,1
7365,0
7366,1
7367,1
7368,1
7369,0
7370,0
7371,1
7372,0
7373,1
7374,0
7375,0
7376,1
7377,0
7378,1
7379,1
7380,1
7381,1
7382,1
7383,1
7384,0
7385,1
7386,0
7387,1
7388,0
7389,1
7390,1
7391,0
7392,1
7393,1
7394,0
7395,1
7396,0
7397,0
7398,1
7399,1
7400,1
7401,1
7402,0
7403,0
7404,0
7405,1
7406,1
7407,1
7408,0
7409,1
7410,0
7411,0
7412,1
7413,1
7414,1
7415,0
7416,1
7417,0
7418,0
7419,1
7420,1
7421,1
7422,0
7423,1
7424,1
7425,1
7426,1
7427,1
7428,0
7429,0
7430,0
7431,0
7432,1
7433,1
7434,1
7435,0
7436,0
7437,1
7438,0
7439,1
7440,1
7441,1
7442,0
7443,0
7444,0
7445,1
7446,0
7447,0
7448,1
7449,1
7450,0
7451,1
7452,1
7453,1
7454,0
7455,1
7456,0
7457,1
7458,1
7459,1
7460,0
7461,1
7462,1
7463,0
7464,0
7465,0
7466,1
7467,0
7468,0
7469,0
7470,1
7471,0
7472,0
7473,0
7474,1
7475,0
7476,0
7477,0
7478,0
7479,0
7480,1
7481,0
7482,0
7483,0
7484,0
7485,0
7486,1
7487,0
7488,1
7489,1
7490,1
7491,0
7492,1
7493,1
7494,1
7495,0
7496,1
7497,1
7498,0
7499,1
7500,1
7501,0
7502,1
7503,1
7504,1
7505,0
7506,0
7507,1
7508,0
7509,0
7510,0
7511,0
7512,1
7513,1
7514,1
7515,1
7516,0
7517,0
7518,1
7519,0
7520,0
7521,1
7522,0
7523,0
7524,1
7525,1
7526,0
7527,0
7528,1
7529,1
7530,1
7531,1
7532,0
7533,1
7534,0
7535,0
7536,1
7537,1
7538,0
7539,0
7540,1
7541,0
7542,0
7543,0
7544,1
7545,1
7546,0
7547,0
7548,0
7549,1
7550,1
7551,1
7552,0
7553,0
7554,1
7555,1
7556,1
7557,1
7558,0
7559,0
7560,1
7561,1
7562,0
7563,1
7564,1
7565,1
7566,0
7567,1
7568,1
7569,1
7570,1
7571,1
7572,0
7573,0
7574,1
7575,0
7576,1
7577,0
7578,1
7579,1
7580,0
7581,0
7582,1
7583,1
7584,0
7585,0
7586,0
7587,0
7588,1
7589,1
7590,1
7591,0
7592,1
7593,1
7594,1
7595,1
7596,0
7597,1
7598,1
7599,1
7600,1
7601,1
7602,0
7603,0
7604,0
7605,1
7606,0
7607,1
7608,1
7609,1
7610,0
7611,1
7612,1
7613,1
7614,1
7615,1
7616,1
7617,1
7618,1
7619,0
7620,0
7621,1
7622,0
7623,0
7624,0
7625,0
7626,1
7627,0
7628,1
7629,0
7630,1
7631,0
7632,1
7633,0
7634,1
7635,0
7636,1
7637,0
7638,0
7639,0
7640,1
7641,1
7642,1
7643,0
7644,1
7645,1
7646,1
7647,1
7648,0
7649,0
7650,0
7651,1
7652,0
7653,1
7654,1
7655,0
7656,1
7657,0
7658,0
7659,1
7660,1
7661,1
7662,0
7663,1
7664,0
7665,0
7666,1
7667,1
7668,0
7669,0
7670,0
7671,0
7672,1
7673,1
7674,0
7675,0
7676,1
7677,0
7678,1
7679,0
7680,0
7681,0
7682,0
7683,1
7684,0
7685,0
7686,1
7687,1
7688,1
7689,0
7690,1
7691,1
7692,1
7693,1
7694,0
7695,0
7696,0
7697,0
7698,1
7699,1
7700,1
7701,1
7702,1
7703,0
7704,0
7705,1
7706,0
7707,0
7708,1
7709,0
7710,0
7711,0
7712,0
7713,1
7714,0
7715,0
7716,1
7717,0
7718,1
7719,0
7720,1
7721,1
7722,0
7723,0
7724,1
7725,1
7726,0
7727,1
7728,0
7729,0
7730,1
7731,1
7732,1
7733,0
7734,1
7735,1
7736,1
7737,1
7738,0
7739,1
7740,0
7741,1
7742,0
7743,1
7744,1
7745,1
7746,0
7747,0
7748,0
7749,1
7750,1
7751,0
7752,0
7753,1
7754,1
7755,1
7756,1
7757,0
7758,1
7759,1
7760,0
7761,0
7762,0
7763,1
7764,0
7765,1
7766,1
7767,0
7768,0
7769,1
7770,1
7771,0
7772,1
7773,1
7774,1
7775,0
7776,1
7777,1
7778,1
7779,0
7780,1
7781,1
7782,1
7783,1
7784,1
7785,0
7786,1
7787,1
7788,1
7789,1
7790,1
7791,1
7792,0
7793,1
7794,1
7795,1
7796,0
7797,0
7798,1
7799,0
7800,0
7801,1
7802,1
7803,0
7804,0
7805,1
7806,1
7807,0
7808,0
7809,1
7810,0
7811,0
7812,1
7813,0
7814,1
7815,0
7816,1
7817,0
7818,1
7819,0
7820,1
7821,1
7822,0
7823,0
7824,1
7825,1
7826,0
7827,0
7828,1
7829,0
7830,0
7831,0
7832,0
7833,0
7834,0
7835,0
7836,1
7837,0
7838,1
7839,1
7840,0
7841,1
7842,0
7843,0
7844,0
7845,0
7846,1
7847,0
7848,1
7849,0
7850,1
7851,0
7852,1
7853,1
7854,1
7855,1
7856,1
7857,1
7858,1
7859,0
7860,1
7861,1
7862,0
7863,1
7864,0
7865,1
7866,1
7867,1
7868,0
7869,0
7870,0
7871,0
7872,1
7873,1
7874,0
7875,0
7876,0
7877,0
7878,1
7879,0
7880,0
7881,0
7882,0
7883,1
7884,0
7885,0
7886,0
7887,0
7888,0
7889,1
7890,1
7891,1
7892,0
7893,1
7894,0
7895,0
7896,1
7897,0
7898,0
7899,0
7900,0
7901,0
7902,0
7903,1
7904,1
7905,1
7906,1
7907,1
7908,0
7909,0
7910,1
7911,1
7912,1
7913,0
7914,0
7915,1
7916,0
7917,0
7918,1
7919,0
7920,1
7921,0
7922,1
7923,0
7924,1
7925,0
7926,1
7927,0
7928,0
7929,1
7930,1
7931,1
7932,1
7933,0
7934,1
7935,1
7936,0
7937,0
7938,0
7939,0
7940,0
7941,0
7942,0
7943,1
7944,1
7945,1
7946,0
7947,1
7948,1
7949,0
7950,1
7951,0
7952,1
7953,1
7954,0
7955,1
7956,0
7957,1
7958,1
7959,0
7960,0
7961,1
7962,0
7963,1
7964,0
7965,0
7966,0
7967,1
7968,0
7969,0
7970,1
7971,0
7972,0
7973,1
7974,1
7975,0
7976,1
7977,0
7978,0
7979,1
7980,1
7981,0
7982,0
7983,0
7984,0
7985,1
7986,0
7987,1
7988,1
7989,1
7990,0
7991,1
7992,1
7993,1
7994,1
7995,0
7996,1
7997,1
7998,0
7999,0
8000,1
8001,1
8002,0
8003,0
8004,0
8005,1
8006,0
8007,1
8008,0
8009,0
8010,1
8011,0
8012,1
8013,1
8014,1
8015,0
8016,0
8017,0
8018,0
8019,0
8020,0
8021,0
8022,1
8023,0
8024,1
8025,1
8026,0
8027,0
8028,1
8029,1
8030,0
8031,0
8032,0
8033,0
8034,1
8035,0
8036,1
8037,1
8038,0
8039,1
8040,0
8041,1
8042,1
8043,0
8044,1
8045,0
8046,1
8047,1
8048,0
8049,0
8050,0
8051,1
8052,1
8053,1
8054,0
8055,0
8056,0
8057,0
8058,1
8059,0
8060,1
8061,0
8062,1
8063,0
8064,0
8065,0
8066,1
8067,1
8068,1
8069,1
8070,0
8071,0
8072,0
8073,0
8074,1
8075,0
8076,1
8077,1
8078,1
8079,1
8080,0
8081,1
8082,0
8083,0
8084,1
8085,0
8086,0
8087,1
8088,1
8089,1
8090,1
8091,1
8092,0
8093,0
8094,1
8095,0
8096,1
8097,0
8098,0
8099,0
8100,0
8101,1
8102,1
8103,0
8104,0
8105,0
8106,1
8107,1
8108,1
8109,1
8110,0
8111,0
8112,1
8113,1
8114,0
8115,0
8116,0
8117,1
8118,1
8119,0
8120,1
8121,1
8122,1
8123,0
8124,0
8125,0
8126,1
8127,1
8128,1
8129,1
8130,1
8131,0
8132,0
8133,1
8134,0
8135,0
8136,1
8137,0
8138,1
8139,1
8140,0
8141,0
8142,1
8143,0
8144,0
8145,0
8146,1
8147,0
8148,0
8149,0
8150,1
8151,0
8152,1
8153,0
8154,1
8155,0
8156,0
8157,0
8158,1
8159,1
8160,1
8161,0
8162,0
8163,1
8164,0
8165,0
8166,0
8167,1
8168,0
8169,0
8170,1
8171,1
8172,1
8173,0
8174,1
8175,1
8176,0
8177,1
8178,0
8179,1
8180,0
8181,0
8182,0
8183,0
8184,0
8185,1
8186,1
8187,1
8188,1
8189,1
8190,1
8191,0
8192,1
8193,0
8194,1
8195,0
8196,1
8197,1
8198,1
8199,1
8200,0
8201,0
8202,1
8203,1
8204,1
8205,0
8206,1
8207,1
8208,1
8209,0
8210,1
8211,0
8212,0
8213,0
8214,0
8215,0
8216,0
8217,1
8218,0
8219,0
8220,0
8221,0
8222,0
8223,1
8224,1
8225,0
8226,0
8227,1
8228,1
8229,0
8230,1
8231,1
8232,1
8233,1
8234,1
8235,1
8236,0
8237,0
8238,0
8239,0
8240,0
8241,1
8242,0
8243,0
8244,1
8245,0
8246,0
8247,0
8248,0
8249,0
8250,1
8251,0
8252,0
8253,0
8254,0
8255,0
8256,0
8257,1
8258,0
8259,0
8260,0
8261,0
8262,1
8263,0
8264,1
8265,0
8266,0
8267,0
8268,0
8269,1
8270,0
8271,0
8272,0
8273,1
8274,1
8275,1
8276,1
8277,1
8278,0
8279,0
8280,0
8281,1
8282,0
8283,1
8284,0
8285,0
8286,1
8287,0
8288,1
8289,1
8290,1
8291,0
8292,0
8293,1
8294,0
8295,1
8296,1
8297,1
8298,1
8299,1
8300,0
8301,0
8302,1
8303,0
8304,0
8305,0
8306,1
8307,0
8308,1
8309,0
8310,1
8311,0
8312,0
8313,0
8314,0
8315,0
8316,0
8317,1
8318,0
8319,1
8320,1
8321,0
8322,0
8323,1
8324,1
8325,0
8326,0
8327,1
8328,1
8329,1
8330,0
8331,0
8332,1
8333,0
8334,0
8335,0
8336,0
8337,1
8338,1
8339,1
8340,1
8341,1
8342,1
8343,1
8344,1
8345,0
8346,0
8347,1
8348,1
8349,0
8350,1
8351,1
8352,0
8353,1
8354,0
8355,0
8356,1
8357,1
8358,1
8359,0
8360,1
8361,1
8362,0
8363,1
8364,0
8365,1
8366,1
8367,0
8368,0
8369,1
8370,0
8371,0
8372,0
8373,0
8374,0
8375,0
8376,0
8377,1
8378,1
8379,0
8380,1
8381,1
8382,1
8383,0
8384,1
8385,1
8386,1
8387,0
8388,0
8389,0
8390,0
8391,1
8392,1
8393,1
8394,1
8395,0
8396,1
8397,1
8398,1
8399,0
8400,1
8401,1
8402,1
8403,1
8404,0
8405,0
8406,1
8407,0
8408,0
8409,0
8410,0
8411,0
8412,0
8413,0
8414,0
8415,0
8416,0
8417,1
8418,1
8419,1
8420,0
8421,1
8422,0
8423,1
8424,0
8425,1
8426,1
8427,0
8428,1
8429,0
8430,1
8431,0
8432,1
8433,0
8434,0
8435,1
8436,1
8437,0
8438,1
8439,0
8440,1
8441,0
8442,1
8443,0
8444,1
8445,1
8446,1
8447,0
8448,1
8449,0
8450,1
8451,1
8452,0
8453,0
8454,1
8455,0
8456,0
8457,1
8458,0
8459,1
8460,0
8461,1
8462,0
8463,0
8464,0
8465,1
8466,1
8467,0
8468,0
8469,0
8470,0
8471,0
8472,0
8473,1
8474,1
8475,1
8476,0
8477,1
8478,1
8479,0
8480,0
8481,0
8482,0
8483,1
8484,1
8485,0
8486,0
8487,0
8488,0
8489,0
8490,0
8491,0
8492,1
8493,1
8494,1
8495,0
8496,0
8497,1
8498,0
8499,1
8500,0
8501,1
8502,1
8503,1
8504,1
8505,0
8506,1
8507,1
8508,1
8509,1
8510,1
8511,1
8512,1
8513,0
8514,0
8515,1
8516,0
8517,0
8518,1
8519,0
8520,0
8521,1
8522,0
8523,0
8524,0
8525,0
8526,0
8527,0
8528,0
8529,0
8530,0
8531,0
8532,1
8533,0
8534,0
8535,0
8536,0
8537,1
8538,0
8539,0
8540,0
8541,0
8542,1
8543,1
8544,1
8545,0
8546,1
8547,1
8548,0
8549,1
8550,1
8551,0
8552,1
8553,1
8554,0
8555,0
8556,0
8557,1
8558,1
8559,0
8560,1
8561,0
8562,0
8563,1
8564,0
8565,1
8566,0
8567,0
8568,1
8569,0
8570,0
8571,1
8572,1
8573,0
8574,0
8575,0
8576,0
8577,1
8578,1
8579,1
8580,0
8581,0
8582,1
8583,0
8584,0
8585,1
8586,1
8587,1
8588,0
8589,0
8590,1
8591,0
8592,0
8593,1
8594,1
8595,1
8596,0
8597,0
8598,1
8599,0
8600,1
8601,0
8602,0
8603,0
8604,1
8605,1
8606,0
8607,0
8608,1
8609,1
8610,0
8611,0
8612,1
8613,0
8614,0
8615,1
8616,0
8617,0
8618,1
8619,1
8620,1
8621,0
8622,1
8623,0
8624,0
8625,0
8626,0
8627,0
8628,1
8629,1
8630,1
8631,0
8632,1
8633,1
8634,0
8635,0
8636,0
8637,1
8638,0
8639,0
8640,1
8641,0
8642,0
8643,1
8644,1
8645,1
8646,1
8647,0
8648,1
8649,1
8650,0
8651,1
8652,0
8653,1
8654,0
8655,1
8656,1
8657,1
8658,0
8659,0
8660,0
8661,0
8662,0
8663,1
8664,1
8665,1
8666,1
8667,1
8668,1
8669,1
8670,0
8671,1
8672,0
8673,0
8674,0
8675,0
8676,0
8677,0
8678,1
8679,0
8680,1
8681,1
8682,0
8683,0
8684,0
8685,0
8686,1
8687,1
8688,0
8689,0
8690,0
8691,0
8692,1
8693,0
8694,0
8695,1
8696,0
8697,0
8698,1
8699,0
8700,1
8701,1
8702,1
8703,0
8704,1
8705,0
8706,1
8707,1
8708,0
8709,0
8710,0
8711,1
8712,0
8713,1
8714,1
8715,1
8716,1
8717,1
8718,0
8719,0
8720,1
8721,0
8722,1
8723,1
8724,1
8725,1
8726,1
8727,0
8728,1
8729,0
8730,0
8731,1
8732,0
8733,0
8734,1
8735,0
8736,0
8737,0
8738,1
8739,1
8740,0
8741,1
8742,1
8743,1
8744,0
8745,1
8746,1
8747,0
8748,1
8749,0
8750,1
8751,0
8752,0
8753,0
8754,0
8755,1
8756,1
8757,1
8758,1
8759,0
8760,1
8761,1
8762,0
8763,1
8764,1
8765,0
8766,1
8767,1
8768,1
8769,0
8770,1
8771,1
8772,0
8773,1
8774,0
8775,1
8776,1
8777,1
8778,0
8779,0
8780,0
8781,0
8782,0
8783,1
8784,0
8785,1
8786,1
8787,1
8788,1
8789,0
8790,1
8791,0
8792,0
8793,0
8794,1
8795,0
8796,0
8797,1
8798,0
8799,0
8800,0
8801,1
8802,0
8803,0
8804,0
8805,1
8806,0
8807,1
8808,1
8809,0
8810,1
8811,0
8812,1
8813,0
8814,0
8815,1
8816,0
8817,1
8818,1
8819,0
8820,1
8821,1
8822,1
8823,1
8824,1
8825,1
8826,1
8827,0
8828,1
8829,0
8830,1
8831,1
8832,1
8833,0
8834,0
8835,0
8836,0
8837,1
8838,0
8839,1
8840,0
8841,0
8842,0
8843,0
8844,1
8845,0
8846,1
8847,0
8848,1
8849,0
8850,0
8851,1
8852,1
8853,0
8854,0
8855,1
8856,0
8857,0
8858,0
8859,1
8860,1
8861,0
8862,0
8863,0
8864,0
8865,1
8866,1
8867,1
8868,0
8869,1
8870,1
8871,0
8872,1
8873,1
8874,1
8875,0
8876,0
8877,0
8878,1
8879,1
8880,0
8881,0
8882,0
8883,1
8884,0
8885,1
8886,1
8887,0
8888,1
8889,0
8890,0
8891,0
8892,1
8893,1
8894,0
8895,1
8896,0
8897,1
8898,1
8899,1
8900,0
8901,1
8902,1
8903,0
8904,0
8905,1
8906,0
8907,1
8908,1
8909,1
8910,0
8911,0
8912,0
8913,0
8914,1
8915,0
8916,0
8917,1
8918,1
8919,1
8920,1
8921,0
8922,1
8923,1
8924,0
8925,0
8926,1
8927,1
8928,1
8929,0
8930,0
8931,0
8932,1
8933,1
8934,0
8935,0
8936,1
8937,0
8938,0
8939,1
8940,0
8941,1
8942,0
8943,1
8944,0
8945,0
8946,1
8947,0
8948,1
8949,0
8950,1
8951,1
8952,0
8953,0
8954,1
8955,0
8956,1
8957,1
8958,0
8959,0
8960,1
8961,0
8962,1
8963,1
8964,1
8965,0
8966,0
8967,0
8968,0
8969,0
8970,0
8971,0
8972,0
8973,0
8974,1
8975,1
8976,1
8977,0
8978,0
8979,0
8980,1
8981,0
8982,1
8983,1
8984,0
8985,1
8986,1
8987,1
8988,0
8989,0
8990,1
8991,0
8992,0
8993,0
8994,1
8995,1
8996,0
8997,1
8998,0
8999,0
9000,1
9001,0
9002,0
9003,0
9004,1
9005,1
9006,0
9007,1
9008,0
9009,0
9010,1
9011,1
9012,0
9013,0
9014,1
9015,1
9016,1
9017,0
9018,0
9019,1
9020,0
9021,1
9022,0
9023,1
9024,0
9025,1
9026,0
9027,1
9028,1
9029,1
9030,1
9031,1
9032,0
9033,0
9034,0
9035,1
9036,1
9037,0
9038,0
9039,1
9040,0
9041,1
9042,0
9043,1
9044,0
9045,1
9046,0
9047,0
9048,0
9049,1
9050,1
9051,0
9052,1
9053,0
9054,0
9055,1
9056,0
9057,1
9058,0
9059,1
9060,1
9061,1
9062,1
9063,0
9064,1
9065,0
9066,1
9067,0
9068,1
9069,0
9070,1
9071,0
9072,1
9073,0
9074,0
9075,0
9076,0
9077,1
9078,1
9079,0
9080,0
9081,1
9082,0
9083,0
9084,0
9085,0
9086,1
9087,0
9088,0
9089,1
9090,1
9091,0
9092,0
9093,0
9094,0
9095,0
9096,1
9097,1
9098,0
9099,1
9100,0
9101,1
9102,1
9103,0
9104,1
9105,1
9106,0
9107,0
9108,0
9109,1
9110,0
9111,0
9112,1
9113,0
9114,1
9115,1
9116,0
9117,0
9118,0
9119,0
9120,0
9121,1
9122,1
9123,0
9124,0
9125,0
9126,1
9127,0
9128,0
9129,1
9130,0
9131,0
9132,0
9133,1
9134,1
9135,1
9136,1
9137,1
9138,1
9139,0
9140,1
9141,1
9142,1
9143,0
9144,1
9145,1
9146,1
9147,1
9148,0
9149,0
9150,1
9151,1
9152,1
9153,0
9154,0
9155,1
9156,1
9157,1
9158,1
9159,0
9160,1
9161,0
9162,0
9163,0
9164,1
9165,1
9166,0
9167,0
9168,0
9169,1
9170,0
9171,1
9172,1
9173,0
9174,0
9175,0
9176,0
9177,0
9178,1
9179,0
9180,1
9181,0
9182,0
9183,1
9184,1
9185,1
9186,1
9187,1
9188,0
9189,0
9190,1
9191,1
9192,1
9193,0
9194,1
9195,1
9196,0
9197,0
9198,1
9199,0
9200,0
9201,1
9202,0
9203,1
9204,0
9205,1
9206,1
9207,0
9208,0
9209,0
9210,0
9211,1
9212,1
9213,0
9214,1
9215,0
9216,1
9217,1
9218,1
9219,1
9220,1
9221,0
9222,1
9223,0
9224,1
9225,1
9226,0
9227,0
9228,1
9229,0
9230,1
9231,0
9232,0
9233,0
9234,1
9235,1
9236,1
9237,0
9238,0
9239,0
9240,0
9241,1
9242,1
9243,1
9244,1
9245,1
9246,1
9247,1
9248,0
9249,0
9250,0
9251,0
9252,1
9253,1
9254,0
9255,1
9256,0
9257,0
9258,0
9259,0
9260,1
9261,1
9262,1
9263,0
9264,0
9265,1
9266,0
9267,0
9268,0
9269,0
9270,1
9271,0
9272,0
9273,0
9274,1
9275,1
9276,0
9277,0
9278,0
9279,0
9280,1
9281,0
9282,0
9283,0
9284,0
9285,1
9286,1
9287,0
9288,0
9289,0
9290,0
9291,0
9292,0
9293,0
9294,0
9295,1
9296,0
9297,0
9298,0
9299,0
9300,1
9301,0
9302,1
9303,1
9304,1
9305,0
9306,0
9307,0
9308,0
9309,1
9310,1
9311,0
9312,1
9313,1
9314,0
9315,0
9316,0
9317,0
9318,1
9319,0
9320,0
9321,1
9322,0
9323,1
9324,1
9325,0
9326,0
9327,0
9328,1
9329,1
9330,1
9331,1
9332,1
9333,0
9334,1
9335,1
9336,1
9337,0
9338,1
9339,0
9340,1
9341,1
9342,1
9343,0
9344,1
9345,1
9346,1
9347,0
9348,1
9349,0
9350,1
9351,1
9352,0
9353,0
9354,1
9355,0
9356,0
9357,0
9358,0
9359,1
9360,1
9361,0
9362,0
9363,0
9364,0
9365,1
9366,1
9367,1
9368,0
9369,0
9370,1
9371,1
9372,1
9373,1
9374,0
9375,0
9376,0
9377,0
9378,0
9379,0
9380,1
9381,1
9382,1
9383,1
9384,1
9385,0
9386,1
9387,0
9388,0
9389,1
9390,1
9391,1
9392,1
9393,1
9394,1
9395,1
9396,1
9397,1
9398,0
9399,0
9400,0
9401,1
9402,0
9403,0
9404,0
9405,0
9406,0
9407,1
9408,1
9409,0
9410,1
9411,1
9412,1
9413,0
9414,0
9415,1
9416,0
9417,0
9418,0
9419,1
9420,0
9421,0
9422,0
9423,1
9424,1
9425,1
9426,0
9427,1
9428,0
9429,1
9430,1
9431,1
9432,1
9433,0
9434,1
9435,1
9436,1
9437,1
9438,1
9439,0
9440,0
9441,1
9442,1
9443,1
9444,0
9445,1
9446,1
9447,0
9448,0
9449,1
9450,1
9451,0
9452,0
9453,0
9454,0
9455,0
9456,0
9457,0
9458,1
9459,1
9460,0
9461,0
9462,0
9463,0
9464,1
9465,0
9466,0
9467,1
9468,1
9469,0
9470,1
9471,0
9472,1
9473,0
9474,1
9475,1
9476,0
9477,0
9478,0
9479,1
9480,1
9481,0
9482,1
9483,0
9484,0
9485,0
9486,1
9487,1
9488,1
9489,1
9490,0
9491,1
9492,1
9493,0
9494,1
9495,1
9496,0
9497,0
9498,0
9499,0
9500,0
9501,0
9502,0
9503,0
9504,1
9505,0
9506,0
9507,0
9508,0
9509,0
9510,0
9511,1
9512,0
9513,1
9514,0
9515,1
9516,0
9517,0
9518,1
9519,0
9520,1
9521,1
9522,0
9523,0
9524,0
9525,1
9526,1
9527,0
9528,1
9529,1
9530,1
9531,1
9532,0
9533,1
9534,0
9535,0
9536,0
9537,0
9538,0
9539,0
9540,0
9541,0
9542,1
9543,1
9544,1
9545,0
9546,0
9547,1
9548,0
9549,0
9550,1
9551,1
9552,0
9553,0
9554,1
9555,0
9556,0
9557,1
9558,0
9559,1
9560,0
9561,1
9562,0
9563,1
9564,1
9565,0
9566,1
9567,0
9568,0
9569,1
9570,0
9571,1
9572,0
9573,1
9574,1
9575,0
9576,1
9577,1
9578,0
9579,0
9580,1
9581,1
9582,1
9583,1
9584,1
9585,0
9586,0
9587,0
9588,1
9589,1
9590,0
9591,0
9592,1
9593,0
9594,1
9595,0
9596,0
9597,0
9598,1
9599,0
9600,0
9601,1
9602,0
9603,1
9604,0
9605,1
9606,0
9607,0
9608,0
9609,0
9610,1
9611,1
9612,0
9613,1
9614,1
9615,0
9616,1
9617,0
9618,0
9619,1
9620,1
9621,1
9622,1
9623,1
9624,1
9625,1
9626,0
9627,0
9628,0
9629,1
9630,1
9631,1
9632,1
9633,0
9634,0
9635,0
9636,1
9637,0
9638,1
9639,0
9640,0
9641,0
9642,1
9643,0
9644,1
9645,1
9646,0
9647,0
9648,0
9649,0
9650,0
9651,1
9652,1
9653,0
9654,0
9655,0
9656,0
9657,0
9658,1
9659,0
9660,0
9661,0
9662,1
9663,0
9664,1
9665,0
9666,0
9667,0
9668,0
9669,1
9670,1
9671,0
9672,0
9673,0
9674,1
9675,1
9676,0
9677,0
9678,0
9679,1
9680,1
9681,0
9682,1
9683,1
9684,0
9685,0
9686,1
9687,0
9688,1
9689,0
9690,0
9691,0
9692,1
9693,0
9694,0
9695,0
9696,0
9697,1
9698,1
9699,1
9700,0
9701,1
9702,1
9703,1
9704,1
9705,0
9706,0
9707,0
9708,0
9709,1
9710,1
9711,1
9712,1
9713,1
9714,1
9715,0
9716,0
9717,0
9718,0
9719,0
9720,1
9721,0
9722,1
9723,0
9724,0
9725,0
9726,0
9727,0
9728,0
9729,0
9730,0
9731,0
9732,1
9733,1
9734,0
9735,1
9736,1
9737,0
9738,0
9739,0
9740,0
9741,0
9742,0
9743,0
9744,1
9745,0
9746,0
9747,1
9748,0
9749,0
9750,1
9751,1
9752,1
9753,0
9754,0
9755,1
9756,1
9757,0
9758,0
9759,0
9760,0
9761,0
9762,0
9763,1
9764,1
9765,0
9766,1
9767,1
9768,1
9769,1
9770,1
9771,0
9772,0
9773,0
9774,1
9775,1
9776,0
9777,1
9778,0
9779,1
9780,0
9781,1
9782,0
9783,0
9784,1
9785,0
9786,0
9787,0
9788,1
9789,1
9790,1
9791,1
9792,1
9793,1
9794,0
9795,0
9796,0
9797,1
9798,0
9799,1
9800,1
9801,1
9802,1
9803,1
9804,1
9805,0
9806,0
9807,1
9808,0
9809,0
9810,1
9811,1
9812,0
9813,0
9814,1
9815,0
9816,0
9817,1
9818,0
9819,1
9820,0
9821,1
9822,1
9823,1
9824,0
9825,1
9826,0
9827,0
9828,0
9829,0
9830,1
9831,1
9832,0
9833,0
9834,0
9835,1
9836,0
9837,1
9838,0
9839,0
9840,0
9841,0
9842,1
9843,1
9844,1
9845,0
9846,0
9847,0
9848,0
9849,0
9850,0
9851,1
9852,0
9853,1
9854,0
9855,0
9856,0
9857,1
9858,1
9859,0
9860,0
9861,1
9862,0
9863,1
9864,1
9865,1
9866,1
9867,0
9868,0
9869,0
9870,0
9871,0
9872,1
9873,0
9874,1
9875,0
9876,1
9877,1
9878,0
9879,1
9880,1
9881,0
9882,0
9883,0
9884,0
9885,1
9886,0
9887,0
9888,1
9889,0
9890,0
9891,1
9892,1
9893,1
9894,0
9895,1
9896,1
9897,1
9898,0
9899,0
9900,1
9901,0
9902,1
9903,1
9904,1
9905,0
9906,1
9907,0
9908,1
9909,1
9910,1
9911,0
9912,0
9913,0
9914,0
9915,0
9916,1
9917,1
9918,1
9919,1
9920,1
9921,1
9922,0
9923,0
9924,1
9925,0
9926,1
9927,0
9928,0
9929,0
9930,1
9931,1
9932,1
9933,1
9934,0
9935,1
9936,0
9937,0
9938,0
9939,0
9940,1
9941,1
9942,1
9943,1
9944,0
9945,0
9946,1
9947,1
9948,0
9949,0
9950,0
9951,0
9952,0
9953,1
9954,1
9955,1
9956,1
9957,1
9958,0
9959,1
9960,0
9961,1
9962,0
9963,0
9964,0
9965,0
9966,0
9967,1
9968,0
9969,1
9970,0
9971,1
9972,1
9973,0
9974,1
9975,1
9976,1
9977,0
9978,0
9979,1
9980,0
9981,0
9982,1
9983,0
9984,0
9985,0
9986,1
9987,0
9988,0
9989,0
9990,1
9991,0
9992,1
9993,0
9994,1
9995,1
9996,1
9997,0
9998,0
9999,0
